,genusspecies,genus,familia,ordo,classis,phylum,regio,16S,True Result,ERROR
691,Rhabdovirus carpio,Sprivivirus,Rhabdoviridae,Mononegavirales,Monjiviricetes,Negarnaviricota,,0,0,
261,Nippoleucon hinumensis,,,,,,,0,0,
592,Psammonobiotus dziwnowi,,,,,,,0,0,
591,Psammonobiotus communis,,,,,,,0,0,
235,Bemlos virgus,,,,,,,0,0,
229,Laticorophium baconi,,,,,,,0,0,
588,Trochammina hadai,Trochammina,Trochamminidae,Textulariida,,Foraminifera,,0,0,
190,Poricella robusta,,,,,,,0,0,
593,Psammonobiotus linearis,,,,,,,0,0,
176,Victorella pavida,,,,,,,0,0,
171,Acentropus niveus,,,,,,,0,0,
594,Trypanosoma,Trypanosoma,Trypanosomatidae,Trypanosomatida,Kinetoplastea,Euglenozoa,,0,0,
689,Ranavirus sp.,Ranavirus,Iridoviridae,Pimascovirales,Megaviricetes,Nucleocytoviricota,,0,0,
684,Penaeus monodon-type Baculovirus,,,,,,,0,0,
687,Novirhabdovirus sp.,,,,,,,0,0,
685,WSBV,,,,,,,0,0,
336,Gemma gemma,Gemma,Veneridae,Venerida,Bivalvia,Mollusca,,1,1,
427,Carex acutiformis,Carex,Cyperaceae,Poales,Magnoliopsida,Streptophyta,,1,1,
67,Platichthys flesus,Platichthys,Pleuronectidae,Pleuronectiformes,Actinopteri,Chordata,,1,1,
137,Stephanodiscus binderanus,Stephanodiscus,Stephanodiscaceae,Thalassiosirales,Coscinodiscophyceae,Bacillariophyta,,1,1,
287,Hemimysis anomala,Hemimysis,Mysidae,Mysida,Malacostraca,Arthropoda,,1,1,
297,Glugea hertwigi,Glugea,Glugeidae,,,Microsporidia,,1,1,
301,Alitta succinea,Alitta,Nereididae,Phyllodocida,Polychaeta,Annelida,,1,1,
302,Polydora ciliata,Polydora,Spionidae,Spionida,Polychaeta,Annelida,,1,1,
306,Euchone,Euchone,Sabellidae,Sabellida,Polychaeta,Annelida,,1,1 genus,
310,Sabellastarte spectabilis,Sabellastarte,Sabellidae,Sabellida,Polychaeta,Annelida,,1,1,
87,Dorosoma petenense,Dorosoma,Clupeidae,Clupeiformes,Actinopteri,Chordata,,1,1,
396,Agrostis stolonifera,Agrostis,Poaceae,Poales,Magnoliopsida,Streptophyta,,1,1,
312,Perna perna,Perna,Mytilidae,Mytiloida,Bivalvia,Mollusca,,1,1,
85,Rangia cuneata,Rangia,Mactridae,Venerida,Bivalvia,Mollusca,,1,1,
319,Acar plicata,Acar,Arcidae,Arcoida,Bivalvia,Mollusca,,1,1,
321,Tritonia plebeia,Tritonia,Tritoniidae,Nudibranchia,Gastropoda,Mollusca,,1,1,
362,Potamothrix bavaricus,Potamothrix,Naididae,Haplotaxida,Clitellata,Annelida,,1,1,
358,Boonea,Boonea,Pyramidellidae,,Gastropoda,Mollusca,,1,1 genus,
350,Sphaerium corneum,Sphaerium,Sphaeriidae,Venerida,Bivalvia,Mollusca,,1,1,
315,Geukensia demissa,Geukensia,Mytilidae,Mytiloida,Bivalvia,Mollusca,,1,1,
244,Balanus,Balanus,Balanidae,Sessilia,Hexanauplia,Arthropoda,,1,1 genus,
269,Tachidius triangularis,Tachidius,Tachidiidae,Harpacticoida,Hexanauplia,Arthropoda,,1,1,
146,Potamothrix bedoti,Potamothrix,Naididae,Haplotaxida,Clitellata,Annelida,,1,1,
147,Potamothrix moldaviensis,Potamothrix,Naididae,Haplotaxida,Clitellata,Annelida,,1,1,
149,Ripistes parasita,Ripistes,Naididae,Haplotaxida,Clitellata,Annelida,,1,1,
152,Boccardiella ligerica,Boccardiella,Spionidae,Spionida,Polychaeta,Annelida,,1,1,
155,Capitella capitata,Capitella,Capitellidae,,Polychaeta,Annelida,,1,1,
162,Myxicola,Myxicola,Sabellidae,Sabellida,Polychaeta,Annelida,,1,1 genus,
165,Nephtys longosetosa,Nephtys,Nephtyidae,Phyllodocida,Polychaeta,Annelida,,1,1,
168,Scolelepis squamata,Scolelepis,Spionidae,Spionida,Polychaeta,Annelida,,1,1,
178,Schizoporella,Schizoporella,Schizoporellidae,Cheilostomatida,Gymnolaemata,Bryozoa,,1,1 genus,
182,Alcyonidium gelatinosum,Alcyonidium,Alcyonidiidae,Ctenostomatida,Gymnolaemata,Bryozoa,,1,1,
183,Barentsia benedeni,Barentsia,Barentsiidae,,,Entoprocta,,1,1,
121,Cyclotella atomus,Cyclotella,Stephanodiscaceae,Thalassiosirales,Coscinodiscophyceae,Bacillariophyta,,1,1,
189,Membranipora,Membranipora,Membraniporidae,Cheilostomatida,Gymnolaemata,Bryozoa,,1,1 genus,
202,Maeotias marginata,Maeotias,Olindiidae,Limnomedusae,Hydrozoa,Cnidaria,,1,1,
208,Dynamena crisioides,Dynamena,Sertulariidae,Leptothecata,Hydrozoa,Cnidaria,,1,1,
213,Obelia longissima,Obelia,Obeliidae,Leptothecata,Hydrozoa,Cnidaria,,1,1,
215,Plumularia strictocarpa,Plumularia,Plumulariidae,Leptothecata,Hydrozoa,Cnidaria,,1,1,
217,Sertularella diaphana,Sertularella,Sertulariidae,Leptothecata,Hydrozoa,Cnidaria,,1,1,
220,Turritopsis nutricula,Turritopsis,Oceaniidae,Anthoathecata,Hydrozoa,Cnidaria,,1,1,
107,Antithamnionella spirographidis,Antithamnionella,Ceramiaceae,Ceramiales,Florideophyceae,Rhodophyta,,1,1,
223,Maeotias,Maeotias,Olindiidae,Limnomedusae,Hydrozoa,Cnidaria,,1,1 genus,
431,Carex flacca,Carex,Cyperaceae,Poales,Magnoliopsida,Streptophyta,,1,1,
250,Eubosmina coregoni,Eubosmina,Bosminidae,Diplostraca,Branchiopoda,Arthropoda,,1,1,
274,Scylla serrata,Scylla,Portunidae,Decapoda,Malacostraca,Arthropoda,,1,1,
64,Neogobius melanostomus,Neogobius,Gobiidae,Gobiiformes,Actinopteri,Chordata,,1,1,
421,Butomus umbellatus,Butomus,Butomaceae,Alismatales,Magnoliopsida,Streptophyta,,1,1,
442,Cynosurus cristatus,Cynosurus,Poaceae,Poales,Magnoliopsida,Streptophyta,,1,1,
572,Ulmus americana,Ulmus,Ulmaceae,Rosales,Magnoliopsida,Streptophyta,,1,1,
36,Pistia stratiotes,Pistia,Araceae,Alismatales,Magnoliopsida,Streptophyta,,1,1,
598,Gelliodes,Gelliodes,Niphatidae,Haplosclerida,Demospongiae,Porifera,,1,1 genus,
603,Cliona celata,Cliona,Clionaidae,Clionaida,Demospongiae,Porifera,,1,1,
608,Didemnum,Didemnum,Didemnidae,Aplousobranchia,Ascidiacea,Chordata,,1,1 genus,
440,Conium maculatum,Conium,Apiaceae,Apiales,Magnoliopsida,Streptophyta,,1,1,
616,Corella inflata,Corella,Corellidae,Phlebobranchia,Ascidiacea,Chordata,,1,1,
619,Styela canopus,Styela,Styelidae,Stolidobranchia,Ascidiacea,Chordata,,1,1,
621,Sarotherodon melanotheron,Sarotherodon,Cichlidae,Cichliformes,Actinopteri,Chordata,,1,1,
628,Gonodactylaceus falcatus,Gonodactylaceus,Gonodactylidae,Stomatopoda,Malacostraca,Arthropoda,,1,1,
630,Zebrasoma velifer,Zebrasoma,Acanthuridae,Acanthuriformes,Actinopteri,Chordata,,1,1,
570,Typha angustifolia,Typha,Typhaceae,Poales,Magnoliopsida,Streptophyta,,1,1,
21,Crepidula fornicata,Crepidula,Calyptraeidae,Littorinimorpha,Gastropoda,Mollusca,,1,1,
636,Apeltes quadracus,Apeltes,Gasterosteidae,Perciformes,Actinopteri,Chordata,,1,1,
642,Cittarium pica,Cittarium,Tegulidae,Trochida,Gastropoda,Mollusca,,1,1,
646,Esox niger,Esox,Esocidae,Esociformes,Actinopteri,Chordata,,1,1,
649,Heros severus,Heros,Cichlidae,Cichliformes,Actinopteri,Chordata,,1,1,
653,Lepomis humilis,Lepomis,Centrarchidae,Centrarchiformes,Actinopteri,Chordata,,1,1,
672,Oxydoras niger,Oxydoras,Doradidae,Siluriformes,Actinopteri,Chordata,,1,1,
678,Poecilia latipinna,Poecilia,Poeciliidae,Cyprinodontiformes,Actinopteri,Chordata,,1,1,
10,Cordylophora caspia,Cordylophora,Oceaniidae,Anthoathecata,Hydrozoa,Cnidaria,,1,1,
681,Pygocentrus nattereri,Pygocentrus,Serrasalmidae,Characiformes,Actinopteri,Chordata,,1,1,
7,Marenzelleria viridis,Marenzelleria,Spionidae,Spionida,Polychaeta,Annelida,,1,1,
3,Sargassum muticum,Sargassum,Sargassaceae,Fucales,Phaeophyceae,,,1,1,
635,Anchoa lyolepis,Anchoa,Engraulidae,Clupeiformes,Actinopteri,Chordata,,1,1,
559,Sorghum halepense,Sorghum,Poaceae,Poales,Magnoliopsida,Streptophyta,,1,1,
610,Ascidia sydneiensis,Ascidia,Ascidiidae,Phlebobranchia,Ascidiacea,Chordata,,1,1,
145,Gianius aquaedulcis,Gianius,Naididae,Haplotaxida,Clitellata,Annelida,,1,1,
517,Poa annua,Poa,Poaceae,Poales,Magnoliopsida,Streptophyta,,1,1,
510,Phalaris arundinacea,Phalaris,Poaceae,Poales,Magnoliopsida,Streptophyta,,1,1,
519,Poa pratensis,Poa,Poaceae,Poales,Magnoliopsida,Streptophyta,,1,1,
480,Lotus corniculatus,Lotus,Fabaceae,Fabales,Magnoliopsida,Streptophyta,,1,1,
475,Lepidium densiflorum,Lepidium,Brassicaceae,Brassicales,Magnoliopsida,Streptophyta,,1,1,
467,Imperata cylindrica,Imperata,Poaceae,Poales,Magnoliopsida,Streptophyta,,1,1,
520,Poa trivialis,Poa,Poaceae,Poales,Magnoliopsida,Streptophyta,,1,1,
44,Ciona savignyi,Ciona,Cionidae,Phlebobranchia,Ascidiacea,Chordata,,1,1,
534,Ranunculus flammula,Ranunculus,Ranunculaceae,Ranunculales,Magnoliopsida,Streptophyta,,1,1,
535,Ranunculus repens,Ranunculus,Ranunculaceae,Ranunculales,Magnoliopsida,Streptophyta,,1,1,
451,Festuca rubra,Festuca,Poaceae,Poales,Magnoliopsida,Streptophyta,,1,1,
536,Rhamnus cathartica,Rhamnus,Rhamnaceae,Rosales,Magnoliopsida,Streptophyta,,1,1,
47,Cichlasoma,Cichlasoma,Cichlidae,Cichliformes,Actinopteri,Chordata,,1,1 genus,
537,Rhizophora mangle,Rhizophora,Rhizophoraceae,Malpighiales,Magnoliopsida,Streptophyta,,1,1,
554,Solanum dulcamara,Solanum,Solanaceae,Solanales,Magnoliopsida,Streptophyta,,1,1,
448,Ellisia nyctelea,Ellisia,Hydrophyllaceae,Boraginales,Magnoliopsida,Streptophyta,,1,1,
465,Impatiens capensis,Impatiens,Balsaminaceae,Ericales,Magnoliopsida,Streptophyta,,1,1,
70,Salvelinus fontinalis,Salvelinus,Salmonidae,Salmoniformes,Actinopteri,Chordata,,10,10,
112,Polysiphonia,Polysiphonia,Rhodomelaceae,Ceramiales,Florideophyceae,Rhodophyta,,10,10 genus,
343,Crassostrea ariakensis,Crassostrea,Ostreidae,Ostreida,Bivalvia,Mollusca,,10,10,
298,Heterosporis,Heterosporis,Pleistophoridae,,,Microsporidia,,11,11 genus,
627,Tridentiger trigonocephalus,Tridentiger,Gobiidae,Gobiiformes,Actinopteri,Chordata,,11,11,
602,Suberites,Suberites,Suberitidae,Suberitida,Demospongiae,Porifera,,11,11 genus,
106,Gymnodinium catenatum,Gymnodinium,Gymnodiniaceae,Gymnodiniales,Dinophyceae,,,11,11,
652,Ictalurus punctatus,Ictalurus,Ictaluridae,Siluriformes,Actinopteri,Chordata,,11,11,
666,Oncorhynchus nerka,Oncorhynchus,Salmonidae,Salmoniformes,Actinopteri,Chordata,,11,11,
225,Aurelia aurita,Aurelia,Ulmaridae,Semaeostomeae,Scyphozoa,Cnidaria,,11,11,
90,Lepomis macrochirus,Lepomis,Centrarchidae,Centrarchiformes,Actinopteri,Chordata,,12,12,
2,Prorocentrum minimum,Prorocentrum,Prorocentraceae,Prorocentrales,Dinophyceae,,,12,12,
207,Clytia hemisphaerica,Clytia,Clytiidae,Leptothecata,Hydrozoa,Cnidaria,,12,12,
690,Renibacterium salmoninarum,Renibacterium,Micrococcaceae,Micrococcales,Actinobacteria,Actinobacteria,,12,12,
623,Acanthogobius flavimanus,Acanthogobius,Gobiidae,Gobiiformes,Actinopteri,Chordata,,12,12,
339,Perna viridis,Perna,Mytilidae,Mytiloida,Bivalvia,Mollusca,,12,12,
157,Exogone,Exogone,Syllidae,Phyllodocida,Polychaeta,Annelida,,13,13 genus,
425,Cannabis sativa,Cannabis,Cannabaceae,Rosales,Magnoliopsida,Streptophyta,,13,13,
399,Alnus glutinosa,Alnus,Betulaceae,Fagales,Magnoliopsida,Streptophyta,,13,13,
688,Piscirickettsia salmonis,Piscirickettsia,Piscirickettsiaceae,Thiotrichales,Gammaproteobacteria,Proteobacteria,,135,135,
50,Salmo salar,Salmo,Salmonidae,Salmoniformes,Actinopteri,Chordata,,14,14,
119,Chaetoceros muellerii,Chaetoceros,Chaetocerotaceae,Chaetocerotales,Coscinodiscophyceae,Bacillariophyta,,14,14,
24,Crassostrea gigas,Crassostrea,Ostreidae,Ostreida,Bivalvia,Mollusca,,14,14,
135,Skeletonema subsalsum,Skeletonema,Skeletonemataceae,Thalassiosirales,Coscinodiscophyceae,Bacillariophyta,,14,14,
331,Rattus norvegicus,Rattus,Muridae,Rodentia,Mammalia,Chordata,,15,15,
211,Laomedea,Laomedea,Obeliidae,Leptothecata,Hydrozoa,Cnidaria,,15,15 genus,
113,,,,,,,,15,0,ERROR
378,Cuthona,Cuthona,Cuthonidae,Nudibranchia,Gastropoda,Mollusca,,16,16 genus,
226,Craspedacusta sowerbii,Craspedacusta,Olindiidae,Limnomedusae,Hydrozoa,Cnidaria,,16,16,
345,Ostrea,Ostrea,Ostreidae,Ostreida,Bivalvia,Mollusca,,16,16 genus,
370,Nassarius,Nassarius,Nassariidae,Neogastropoda,Gastropoda,Mollusca,,161,161 genus,
326,Pinctada margaritifera,Pinctada,Pteriidae,Pterioida,Bivalvia,Mollusca,,17,17,
212,Obelia dichotoma,Obelia,Obeliidae,Leptothecata,Hydrozoa,Cnidaria,,17,17,
607,Milnesium tardigradum,Milnesium,Milnesiidae,Apochela,Eutardigrada,Tardigrada,,17,17,
206,Campanulariidae,,Campanulariidae,Leptothecata,Hydrozoa,Cnidaria,,173,173 family,
125,Cylindrospermopsis raciborskii,Cylindrospermopsis,Aphanizomenonaceae,Nostocales,,Cyanobacteria,,180,180,
460,Helianthus annuus,Helianthus,Asteraceae,Asterales,Magnoliopsida,Streptophyta,,19,19,
199,Diadumene,Diadumene,Diadumenidae,Actiniaria,Anthozoa,Cnidaria,,19,19 genus,
659,Misgurnus anguillicaudatus,Misgurnus,Cobitidae,Cypriniformes,Actinopteri,Chordata,,19,19,
660,Morone americana,Morone,Moronidae,,Actinopteri,Chordata,,2,2,
390,Zizania latifolia,Zizania,Poaceae,Poales,Magnoliopsida,Streptophyta,,2,2,
61,Gymnocephalus cernua,Gymnocephalus,Percidae,Perciformes,Actinopteri,Chordata,,2,2,
668,Oreochromis macrochir,Oreochromis,Cichlidae,Cichliformes,Actinopteri,Chordata,,2,2,
201,Garveia,Garveia,Bougainvilliidae,Anthoathecata,Hydrozoa,Cnidaria,,2,2 genus,
71,Scardinius erythrophthalmus,Scardinius,Leuciscidae,Cypriniformes,Actinopteri,Chordata,,2,2,
101,Kappaphycus alvarezii,Kappaphycus,Solieriaceae,Gigartinales,Florideophyceae,Rhodophyta,,2,2,
647,Fundulus diaphanus,Fundulus,Fundulidae,Cyprinodontiformes,Actinopteri,Chordata,,2,2,
348,Pisidium,Pisidium,Sphaeriidae,Venerida,Bivalvia,Mollusca,,2,2 genus,
416,Batis maritima,Batis,Bataceae,Brassicales,Magnoliopsida,Streptophyta,,2,2,
461,Hordeum jubatum,Hordeum,Poaceae,Poales,Magnoliopsida,Streptophyta,,2,2,
645,Esox lucius,Esox,Esocidae,Esociformes,Actinopteri,Chordata,,2,2,
670,Orthodon microlepidotus,Orthodon,Leuciscidae,Cypriniformes,Actinopteri,Chordata,,2,2,
58,Gambusia affinis,Gambusia,Poeciliidae,Cyprinodontiformes,Actinopteri,Chordata,,2,2,
530,Prunella vulgaris,Prunella,Lamiaceae,Lamiales,Magnoliopsida,Streptophyta,,2,2,
380,Dendronotus frondosus,Dendronotus,Dendronotidae,Nudibranchia,Gastropoda,Mollusca,,2,2,
444,Dioscorea oppositifolia,Dioscorea,Dioscoreaceae,Dioscoreales,Magnoliopsida,Streptophyta,,2,2,
288,Nebalia,Nebalia,Nebaliidae,Leptostraca,Malacostraca,Arthropoda,,2,2 genus,
294,Macrobrachium rosenbergii,Macrobrachium,Palaemonidae,Decapoda,Malacostraca,Arthropoda,,2,2,
606,Macrobiotus hufelandi,Macrobiotus,Macrobiotidae,Parachela,Eutardigrada,Tardigrada,,2,2,
605,Prosuberites,Prosuberites,Suberitidae,Suberitida,Demospongiae,Porifera,,2,2 genus,
398,Allium schoenoprasum,Allium,Amaryllidaceae,Asparagales,Magnoliopsida,Streptophyta,,2,2,
426,Capsella bursa-pastoris,Capsella,Brassicaceae,Brassicales,Magnoliopsida,Streptophyta,,2,2,
105,Asparagopsis taxiformis,Asparagopsis,Bonnemaisoniaceae,Bonnemaisoniales,Florideophyceae,Rhodophyta,,2,2,
222,Drymonema dalmatinum,Drymonema,Drymonematidae,Semaeostomeae,Scyphozoa,Cnidaria,,2,2,
571,Typha latifolia,Typha,Typhaceae,Poales,Magnoliopsida,Streptophyta,,2,2,
395,Agrostis gigantea,Agrostis,Poaceae,Poales,Magnoliopsida,Streptophyta,,2,2,
351,Tapes,Tapes,Veneridae,Venerida,Bivalvia,Mollusca,,2,2 genus,
618,Microcosmus squamiger,Microcosmus,Pyuridae,Stolidobranchia,Ascidiacea,Chordata,,2,2,
216,Sarsia tubulosa,Sarsia,Corynidae,Anthoathecata,Hydrozoa,Cnidaria,,2,2,
435,Chenopodium album,Chenopodium,Chenopodiaceae,Caryophyllales,Magnoliopsida,Streptophyta,,2,2,
651,Hypomesus nipponensis,Hypomesus,Osmeridae,Osmeriformes,Actinopteri,Chordata,,2,2,
673,Parachromis managuensis,Parachromis,Cichlidae,Cichliformes,Actinopteri,Chordata,,2,2,
111,Macrocystis integrifolia,Macrocystis,Laminariaceae,Laminariales,Phaeophyceae,,,2,2,
624,Cephalopholis argus,Cephalopholis,Serranidae,Perciformes,Actinopteri,Chordata,,2,2,
567,Trapa natans,Trapa,Lythraceae,Myrtales,Magnoliopsida,Streptophyta,,2,2,
625,Lutjanus kasmira,Lutjanus,Lutjanidae,Lutjaniformes,Actinopteri,Chordata,,2,2,
252,Mytilicola orientalis,Mytilicola,Mytilicolidae,Cyclopoida,Hexanauplia,Arthropoda,,2,2,
54,Anguilla rostrata,Anguilla,Anguillidae,Anguilliformes,Actinopteri,Chordata,,2,2,
31,Myriophyllum aquaticum,Myriophyllum,Haloragaceae,Saxifragales,Magnoliopsida,Streptophyta,,2,2,
366,Crepidula,Crepidula,Calyptraeidae,Littorinimorpha,Gastropoda,Mollusca,,2,2 genus,
52,Ameiurus melas,Ameiurus,Ictaluridae,Siluriformes,Actinopteri,Chordata,,2,2,
264,Oithona davisae,Oithona,Oithonidae,Cyclopoida,Hexanauplia,Arthropoda,,2,2,
131,Hymenomonas,Hymenomonas,Hymenomonadaceae,Coccolithales,Haptophyta,Haptista,,2,2 genus,
525,Populus deltoides,Populus,Salicaceae,Malpighiales,Magnoliopsida,Streptophyta,,2,2,
609,Polyandrocarpa zorritensis,Polyandrocarpa,Styelidae,Stolidobranchia,Ascidiacea,Chordata,,2,2,
675,Phenacobius mirabilis,Phenacobius,Leuciscidae,Cypriniformes,Actinopteri,Chordata,,2,2,
527,Potamogeton crispus,Potamogeton,Potamogetonaceae,Alismatales,Magnoliopsida,Streptophyta,,2,2,
639,Balistes polylepis,Balistes,Balistidae,Tetraodontiformes,Actinopteri,Chordata,,2,2,
51,Pterois volitans,Pterois,Scorpaenidae,Perciformes,Actinopteri,Chordata,,2,2,
638,Astronotus ocellatus,Astronotus,Cichlidae,Cichliformes,Actinopteri,Chordata,,2,2,
136,Sphacelaria,Sphacelaria,Sphacelariaceae,Sphacelariales,Phaeophyceae,,,2,2 genus,
144,Branchiura sowerbyi,Branchiura,Naididae,Haplotaxida,Clitellata,Annelida,,2,2,
361,Myosotella myosotis,Myosotella,Ellobiidae,Ellobiida,Gastropoda,Mollusca,,2,2,
270,Hemigrapsus sanguineus,Hemigrapsus,Varunidae,Decapoda,Malacostraca,Arthropoda,,2,2,
150,Heteromastus filiformis,Heteromastus,Capitellidae,,Polychaeta,Annelida,,2,2,
513,Plantago lanceolata,Plantago,Plantaginaceae,Lamiales,Magnoliopsida,Streptophyta,,2,2,
403,Alternanthera philoxeroides,Alternanthera,Amaranthaceae,Caryophyllales,Magnoliopsida,Streptophyta,,2,2,
377,Viviparus,Viviparus,Viviparidae,Architaenioglossa,Gastropoda,Mollusca,,2,2 genus,
486,Lythrum salicaria,Lythrum,Lythraceae,Myrtales,Magnoliopsida,Streptophyta,,2,2,
328,Adula,Adula,Mytilidae,Mytiloida,Bivalvia,Mollusca,,2,2 genus,
512,Picea pungens,Picea,Pinaceae,Pinales,Pinopsida,Streptophyta,,2,2,
478,Ligustrum vulgare,Ligustrum,Oleaceae,Lamiales,Magnoliopsida,Streptophyta,,2,2,
677,Plecoglossus altivelis,Plecoglossus,Plecoglossidae,Osmeriformes,Actinopteri,Chordata,,2,2,
492,Mentha spicata,Mentha,Lamiaceae,Lamiales,Magnoliopsida,Streptophyta,,2,2,
548,Salix purpurea,Salix,Salicaceae,Malpighiales,Magnoliopsida,Streptophyta,,2,2,
504,Nasturtium officinale,Nasturtium,Brassicaceae,Brassicales,Magnoliopsida,Streptophyta,,2,2,
22,Mytilopsis leucophaeata,Mytilopsis,Dreissenidae,Myida,Bivalvia,Mollusca,,2,2,
173,Ammothea hilgendorfi,Ammothea,Ammotheidae,Pantopoda,Pycnogonida,Arthropoda,,2,2,
75,Alexandrium ostenfeldii,Alexandrium,Gonyaulacaceae,Gonyaulacales,Dinophyceae,,,20,20,
141,Thalassiosira pseudonana,Thalassiosira,Thalassiosiraceae,Thalassiosirales,Coscinodiscophyceae,Bacillariophyta,,21,21,
126,Diatoma,Diatoma,Fragilariaceae,Fragilariales,Fragilariophyceae,Bacillariophyta,,21,21 genus,
66,Oncorhynchus mykiss,Oncorhynchus,Salmonidae,Salmoniformes,Actinopteri,Chordata,,22,22,
166,,,,,,,,230,0,ERROR
138,Stephanodiscus,Stephanodiscus,Stephanodiscaceae,Thalassiosirales,Coscinodiscophyceae,Bacillariophyta,,25,25 genus,
114,Aureococcus anophagefferens,Aureococcus,,Pelagomonadales,Pelagophyceae,,,25,25,
686,Aeromonas salmonicida,Aeromonas,Aeromonadaceae,Aeromonadales,Gammaproteobacteria,Proteobacteria,,254,254,
583,,,,,,,,27,0,ERROR
550,Salix,Salix,Salicaceae,Malpighiales,Magnoliopsida,Streptophyta,,27,27 genus,
73,Danio rerio,Danio,Danionidae,Cypriniformes,Actinopteri,Chordata,,28,28,
127,Didymosphenia geminata,Didymosphenia,Gomphonemataceae,Cymbellales,Bacillariophyceae,Bacillariophyta,,29,29,
384,,,,,,,,3,0,ERROR
632,Alosa aestivalis,Alosa,Clupeidae,Clupeiformes,Actinopteri,Chordata,,3,3,
354,Littorina littorea,Littorina,Littorinidae,Littorinimorpha,Gastropoda,Mollusca,,3,3,
98,Gracilaria salicornia,Gracilaria,Gracilariaceae,Gracilariales,Florideophyceae,Rhodophyta,,3,3,
260,Neoergasilus japonicus,Neoergasilus,Ergasilidae,Poecilostomatoida,Hexanauplia,Arthropoda,,3,3,
353,Venerupis,Venerupis,Veneridae,Venerida,Bivalvia,Mollusca,,3,3 genus,
374,Radix auricularia,Radix,Lymnaeidae,,Gastropoda,Mollusca,,3,3,
640,Cichla ocellaris,Cichla,Cichlidae,Cichliformes,Actinopteri,Chordata,,3,3,
661,Mylocheilus caurinus,Mylocheilus,Leuciscidae,Cypriniformes,Actinopteri,Chordata,,3,3,
79,Botryllus schlosseri,Botryllus,Styelidae,Stolidobranchia,Ascidiacea,Chordata,,3,3,
143,Paranais frici,Paranais,Naididae,Haplotaxida,Clitellata,Annelida,,3,3,
133,Pleurosira laevis,Pleurosira,Triceratiaceae,Triceratiales,Mediophyceae,Bacillariophyta,,3,3,
154,Amphicteis,Amphicteis,Ampharetidae,Terebellida,Polychaeta,Annelida,,3,3 genus,
156,Dodecaceria concharum,Dodecaceria,Cirratulidae,Terebellida,Polychaeta,Annelida,,3,3,
158,Harmothoe imbricata,Harmothoe,Polynoidae,Phyllodocida,Polychaeta,Annelida,,3,3,
323,Anomia,Anomia,Anomiidae,Pectinida,Bivalvia,Mollusca,,3,3 genus,
48,Morone saxatilis,Morone,Moronidae,,Actinopteri,Chordata,,3,3,
515,Plantago rugelii,Plantago,Plantaginaceae,Lamiales,Magnoliopsida,Streptophyta,,3,3,
304,Tubificoides pseudogaster,Tubificoides,Naididae,Haplotaxida,Clitellata,Annelida,,3,3,
174,Cygnus olor,Cygnus,Anatidae,Anseriformes,Aves,Chordata,,3,3,
420,Brachiaria,Brachiaria,Poaceae,Poales,Magnoliopsida,Streptophyta,,3,3 genus,
11,Ectopleura crocea,Ectopleura,Tubulariidae,Anthoathecata,Hydrozoa,Cnidaria,,3,3,
490,Medicago lupulina,Medicago,Fabaceae,Fabales,Magnoliopsida,Streptophyta,,3,3,
94,Avrainvillea,Avrainvillea,Dichotomosiphonaceae,Bryopsidales,Ulvophyceae,Chlorophyta,,3,3 genus,
219,Tubularia,Tubularia,Tubulariidae,Anthoathecata,Hydrozoa,Cnidaria,,3,3 genus,
42,Ascidiella aspersa,Ascidiella,Ascidiidae,Phlebobranchia,Ascidiacea,Chordata,,3,3,
80,Botrylloides violaceus,Botrylloides,Styelidae,Stolidobranchia,Ascidiacea,Chordata,,3,3,
474,Lactuca serriola,Lactuca,Asteraceae,Asterales,Magnoliopsida,Streptophyta,,3,3,
563,Spirodela polyrhiza,Spirodela,Araceae,Alismatales,Magnoliopsida,Streptophyta,,3,3,
93,Alepes djedaba,Alepes,Carangidae,Carangiformes,Actinopteri,Chordata,,3,3,
355,Littorina saxatilis,Littorina,Littorinidae,Littorinimorpha,Gastropoda,Mollusca,,3,3,
468,Ipomoea hederacea,Ipomoea,Convolvulaceae,Solanales,Magnoliopsida,Streptophyta,,3,3,
29,Potamopyrgus antipodarum,Potamopyrgus,Tateidae,Littorinimorpha,Gastropoda,Mollusca,,30,30,
214,Obelia,Obelia,Obeliidae,Leptothecata,Hydrozoa,Cnidaria,,33,33 genus,
74,Mylopharyngodon piceus,Mylopharyngodon,Xenocyprididae,Cypriniformes,Actinopteri,Chordata,,34,34,
142,Bufo,Bufo,Bufonidae,Anura,Amphibia,Chordata,,38,38 genus,
25,Petricolaria pholadiformis,Petricolaria,Petricolidae,Venerida,Bivalvia,Mollusca,,4,4,
303,Pseudopolydora paucibranchiata,Pseudopolydora,Spionidae,Spionida,Polychaeta,Annelida,,4,4,
629,Lutjanus fulvus,Lutjanus,Lutjanidae,Lutjaniformes,Actinopteri,Chordata,,4,4,
23,Dreissena polymorpha,Dreissena,Dreissenidae,Myida,Bivalvia,Mollusca,,4,4,
83,Oreochromis mossambicus,Oreochromis,Cichlidae,Cichliformes,Actinopteri,Chordata,,4,4,
626,Oreochromis aureus,Oreochromis,Cichlidae,Cichliformes,Actinopteri,Chordata,,4,4,
329,Limnoperna fortunei,Limnoperna,Mytilidae,Mytiloida,Bivalvia,Mollusca,,4,4,
316,Mytilopsis sallei,Mytilopsis,Dreissenidae,Myida,Bivalvia,Mollusca,,4,4,
20,Homarus americanus,Homarus,Nephropidae,Decapoda,Malacostraca,Arthropoda,,4,4,
134,Skeletonema potamos,Skeletonema,Skeletonemataceae,Thalassiosirales,Coscinodiscophyceae,Bacillariophyta,,4,4,
6,Teredo navalis,Teredo,Teredinidae,Myida,Bivalvia,Mollusca,,4,4,
161,Marphysa sanguinea,Marphysa,Eunicidae,Eunicida,Polychaeta,Annelida,,4,4,
497,Morus alba,Morus,Moraceae,Rosales,Magnoliopsida,Streptophyta,,4,4,
123,Cyclotella pseudostelligera,Cyclotella,Stephanodiscaceae,Thalassiosirales,Coscinodiscophyceae,Bacillariophyta,,4,4,
674,Petromyzon marinus,Petromyzon,Petromyzontidae,Petromyzontiformes,Hyperoartia,Chordata,,4,4,
120,Chroodactylon,Chroodactylon,Porphyridiaceae,Porphyridiales,Bangiophyceae,Rhodophyta,,4,4 genus,
192,Tubulipora,Tubulipora,Tubuliporidae,Tubuliporida,Stenolaemata,Bryozoa,,4,4 genus,
200,Diadumene leucolena,Diadumene,Diadumenidae,Actiniaria,Anthozoa,Cnidaria,,4,4,
205,Pennaria disticha,Pennaria,Pennariidae,Anthoathecata,Hydrozoa,Cnidaria,,4,4,
210,Gonothyraea,Gonothyraea,Campanulariidae,Leptothecata,Hydrozoa,Cnidaria,,4,4 genus,
103,Ulva fasciata,Ulva,Ulvaceae,Ulvales,Ulvophyceae,Chlorophyta,,4,4,
65,Oncorhynchus gorbuscha,Oncorhynchus,Salmonidae,Salmoniformes,Actinopteri,Chordata,,4,4,
392,Undaria pinnatifida,Undaria,Alariaceae,Laminariales,Phaeophyceae,,,4,4,
372,Physella acuta,Physella,Physidae,,Gastropoda,Mollusca,,4,4,
373,Pomacea canaliculata,Pomacea,Ampullariidae,Architaenioglossa,Gastropoda,Mollusca,,4,4,
99,Grateloupia filicina,Grateloupia,Halymeniaceae,Halymeniales,Florideophyceae,Rhodophyta,,4,4,
383,Glossodoris,Glossodoris,Chromodorididae,Nudibranchia,Gastropoda,Mollusca,,4,4 genus,
412,Arundo donax,Arundo,Poaceae,Poales,Magnoliopsida,Streptophyta,,4,4,
417,Betula pendula,Betula,Betulaceae,Fagales,Magnoliopsida,Streptophyta,,4,4,
140,Thalassiosira,Thalassiosira,Thalassiosiraceae,Thalassiosirales,Coscinodiscophyceae,Bacillariophyta,,419,419 genus,
657,,,,,,,,42,0,ERROR
599,Mycale,Mycale,Mycalidae,Poecilosclerida,Demospongiae,Porifera,,43,43 genus,
68,Salmo trutta,Salmo,Salmonidae,Salmoniformes,Actinopteri,Chordata,,44,44,
62,Hypophthalmichthys nobilis,Hypophthalmichthys,Xenocyprididae,Cypriniformes,Actinopteri,Chordata,,45,45,
76,Alexandrium tamarense,Alexandrium,Gonyaulacaceae,Gonyaulacales,Dinophyceae,,,47,47,
446,Echinochloa crus-galli,Echinochloa,Poaceae,Poales,Magnoliopsida,Streptophyta,,5,5,
40,Styela clava,Styela,Styelidae,Stolidobranchia,Ascidiacea,Chordata,,5,5,
59,Gambusia holbrooki,Gambusia,Poeciliidae,Cyprinodontiformes,Actinopteri,Chordata,,5,5,
356,Rapana venosa,Rapana,Muricidae,Neogastropoda,Gastropoda,Mollusca,,5,5,
381,Eubranchus,Eubranchus,Eubranchidae,Nudibranchia,Gastropoda,Mollusca,,5,5 genus,
317,Teredo,Teredo,Teredinidae,Myida,Bivalvia,Mollusca,,5,5 genus,
511,Phragmites australis,Phragmites,Poaceae,Poales,Magnoliopsida,Streptophyta,,5,5,
53,Ameiurus nebulosus,Ameiurus,Ictaluridae,Siluriformes,Actinopteri,Chordata,,5,5,
78,Myriophyllum spicatum,Myriophyllum,Haloragaceae,Saxifragales,Magnoliopsida,Streptophyta,,5,5,
597,Cliona,Cliona,Clionaidae,Clionaida,Demospongiae,Porifera,,5,5 genus,
526,Portulaca oleracea,Portulaca,Portulacaceae,Caryophyllales,Magnoliopsida,Streptophyta,,5,5,
335,Mytilus galloprovincialis,Mytilus,Mytilidae,Mytiloida,Bivalvia,Mollusca,,5,5,
650,Hoplosternum littorale,Hoplosternum,Callichthyidae,Siluriformes,Actinopteri,Chordata,,5,5,
132,Nitellopsis obtusa,Nitellopsis,Characeae,Charales,Charophyceae,Streptophyta,,5,5,
224,Cassiopea andromeda,Cassiopea,Cassiopeidae,Rhizostomeae,Scyphozoa,Cnidaria,,5,5,
254,Argulus japonicus,Argulus,Argulidae,Arguloida,Ichthyostraca,Arthropoda,,5,5,
221,Phyllorhiza punctata,Phyllorhiza,Mastigiidae,Rhizostomeae,Scyphozoa,Cnidaria,,5,5,
122,Cyclotella cryptica,Cyclotella,Stephanodiscaceae,Thalassiosirales,Coscinodiscophyceae,Bacillariophyta,,5,5,
633,Alosa pseudoharengus,Alosa,Clupeidae,Clupeiformes,Actinopteri,Chordata,,5,5,
615,Botryllus,Botryllus,Styelidae,Stolidobranchia,Ascidiacea,Chordata,,5,5 genus,
57,Cyprinus carpio,Cyprinus,Cyprinidae,Cypriniformes,Actinopteri,Chordata,,52,52,
313,Ruditapes philippinarum,Ruditapes,Veneridae,Venerida,Bivalvia,Mollusca,,6,6,
38,Ciona intestinalis,Ciona,Cionidae,Phlebobranchia,Ascidiacea,Chordata,,6,6,
337,Mercenaria mercenaria,Mercenaria,Veneridae,Venerida,Bivalvia,Mollusca,,6,6,
385,Anguillicola crassus,Anguillicola,Anguillicolidae,Rhabditida,Chromadorea,Nematoda,,6,6,
643,Clarias batrachus,Clarias,Clariidae,Siluriformes,Actinopteri,Chordata,,6,6,
604,Haliclona,Haliclona,Chalinidae,Haplosclerida,Demospongiae,Porifera,,6,6 genus,
342,Crassostrea virginica,Crassostrea,Ostreidae,Ostreida,Bivalvia,Mollusca,,6,6,
614,Botrylloides,Botrylloides,Styelidae,Stolidobranchia,Ascidiacea,Chordata,,6,6 genus,
81,Mya arenaria,Mya,Myidae,Myida,Bivalvia,Mollusca,,6,6,
69,Salvelinus alpinus,Salvelinus,Salmonidae,Salmoniformes,Actinopteri,Chordata,,6,6,
41,Molgula manhattensis,Molgula,Molgulidae,Stolidobranchia,Ascidiacea,Chordata,,6,6,
325,Ostrea edulis,Ostrea,Ostreidae,Ostreida,Bivalvia,Mollusca,,6,6,
115,Aureoumbra lagunensis,Aureoumbra,,Pelagomonadales,Pelagophyceae,,,6,6,
671,Osteoglossum bicirrhosum,Osteoglossum,Osteoglossidae,Osteoglossiformes,Actinopteri,Chordata,,6,6,
496,Mollugo verticillata,Mollugo,Molluginaceae,Caryophyllales,Magnoliopsida,Streptophyta,,6,6,
49,Osmerus mordax,Osmerus,Osmeridae,Osmeriformes,Actinopteri,Chordata,,6,6,
72,Tinca tinca,Tinca,Tincidae,Cypriniformes,Actinopteri,Chordata,,6,6,
26,Corbicula fluminea,Corbicula,Corbiculidae,Venerida,Bivalvia,Mollusca,,6,6,
18,,,,,,,,67,0,ERROR
565,Tamarix,Tamarix,Tamaricaceae,Caryophyllales,Magnoliopsida,Streptophyta,,7,7 genus,
116,Bangia atropurpurea,Bangia,Bangiaceae,Bangiales,Bangiophyceae,Rhodophyta,,7,7,
169,Spiophanes,Spiophanes,Spionidae,Spionida,Polychaeta,Annelida,,7,7 genus,
683,Sander lucioperca,Sander,Percidae,Perciformes,Actinopteri,Chordata,,7,7,
634,Ameiurus catus,Ameiurus,Ictaluridae,Siluriformes,Actinopteri,Chordata,,7,7,
422,Cabomba caroliniana,Cabomba,Cabombaceae,Nymphaeales,Magnoliopsida,Streptophyta,,7,7,
333,Lyrodus,Lyrodus,Teredinidae,Myida,Bivalvia,Mollusca,,7,7 genus,
77,Corbula,Corbula,Corbulidae,Myida,Bivalvia,Mollusca,,7,7 genus,
89,Monopterus albus,Monopterus,Synbranchidae,Synbranchiformes,Actinopteri,Chordata,,7,7,
88,Eriocheir sinensis,Eriocheir,Varunidae,Decapoda,Malacostraca,Arthropoda,,7,7,
55,Carassius auratus,Carassius,Cyprinidae,Cypriniformes,Actinopteri,Chordata,,71,71,
60,Gasterosteus aculeatus,Gasterosteus,Gasterosteidae,Perciformes,Actinopteri,Chordata,,8,8,
667,Oncorhynchus tshawytscha,Oncorhynchus,Salmonidae,Salmoniformes,Actinopteri,Chordata,,8,8,
589,,,,,,,,8,0,ERROR
209,Eudendrium,Eudendrium,Eudendriidae,Anthoathecata,Hydrozoa,Cnidaria,,8,8 genus,
197,Tubastraea coccinea,Tubastraea,Dendrophylliidae,Scleractinia,Anthozoa,Cnidaria,,8,8,
196,Diadumene lineata,Diadumene,Diadumenidae,Actiniaria,Anthozoa,Cnidaria,,8,8,
389,Sporobolus,Sporobolus,Poaceae,Poales,Magnoliopsida,Streptophyta,,8,8 genus,
305,Boccardia proboscidea,Boccardia,Spionidae,Spionida,Polychaeta,Annelida,,8,8,
124,Cyclotella,Cyclotella,Stephanodiscaceae,Thalassiosirales,Coscinodiscophyceae,Bacillariophyta,,85,85 genus,
669,Oreochromis niloticus,Oreochromis,Cichlidae,Cichliformes,Actinopteri,Chordata,,86,86,
664,Oncorhynchus kisutch,Oncorhynchus,Salmonidae,Salmoniformes,Actinopteri,Chordata,,9,9,
445,Dryopteris,Dryopteris,Dryopteridaceae,Polypodiales,Polypodiopsida,Streptophyta,,9,9 genus,
56,Ctenopharyngodon idella,Ctenopharyngodon,Xenocyprididae,Cypriniformes,Actinopteri,Chordata,,9,9,
46,Alosa sapidissima,Alosa,Clupeidae,Clupeiformes,Actinopteri,Chordata,,9,9,
612,Phallusia nigra,Phallusia,Ascidiidae,Phlebobranchia,Ascidiacea,Chordata,,9,9,
19,Procambarus clarkii,Procambarus,Cambaridae,Decapoda,Malacostraca,Arthropoda,,9,9,
436,Chenopodium,Chenopodium,Chenopodiaceae,Caryophyllales,Magnoliopsida,Streptophyta,,9,9 genus,
43,Styela plicata,Styela,Styelidae,Stolidobranchia,Ascidiacea,Chordata,,9,9,
376,Valvata piscinalis,Valvata,Valvatidae,,Gastropoda,Mollusca,,class,class,
586,Scolex pleuronectis,Scolex,,Tetraphyllidea,Cestoda,Platyhelminthes,,class,class,
585,Neascus,Neascus,Diplostomidae,Diplostomida,Trematoda,Platyhelminthes,,class,class,
582,Dactylogyrus hemiamphibothrium,Dactylogyrus,Dactylogyridae,Dactylogyridea,Monogenea,Platyhelminthes,,class,class,
581,Dactylogyrus amphibothrium,Dactylogyrus,Dactylogyridae,Dactylogyridea,Monogenea,Platyhelminthes,,class,class,
584,Ichthyocotylurus pileatus,Ichthyocotylurus,Strigeidae,Diplostomida,Trematoda,Platyhelminthes,,class,class,
327,Thecacera pennigera,Thecacera,Polyceridae,Nudibranchia,Gastropoda,Mollusca,,family,family,
91,Acanthophora spicifera,Acanthophora,Rhodomelaceae,Ceramiales,Florideophyceae,Rhodophyta,,family,family,
505,Nepeta cataria,Nepeta,Lamiaceae,Lamiales,Magnoliopsida,Streptophyta,,family,family,
424,Campsis radicans,Campsis,Bignoniaceae,Lamiales,Magnoliopsida,Streptophyta,,family,family,
433,Carpobrotus chilensis,Carpobrotus,Aizoaceae,Caryophyllales,Magnoliopsida,Streptophyta,,family,family,
322,Urosalpinx cinerea,Urosalpinx,Muricidae,Neogastropoda,Gastropoda,Mollusca,,family,family,
228,Grandidierella japonica,Grandidierella,Corophiidae,Amphipoda,Malacostraca,Arthropoda,,family,family,
32,Egeria densa,Egeria,Hydrocharitaceae,Alismatales,Magnoliopsida,Streptophyta,,family,family,
438,Clintonia borealis,Clintonia,Liliaceae,Liliales,Magnoliopsida,Streptophyta,,family,family,
434,Chelidonium majus,Chelidonium,Papaveraceae,Ranunculales,Magnoliopsida,Streptophyta,,family,family,
172,Tanysphyrus lemnae,Tanysphyrus,Brachyceridae,Coleoptera,Insecta,Arthropoda,,family,family,
204,Gonionemus vertens,Gonionemus,Olindiidae,Limnomedusae,Hydrozoa,Cnidaria,,family,family,
443,Delairea odorata,Delairea,Asteraceae,Asterales,Magnoliopsida,Streptophyta,,family,family,
539,Rorippa sylvestris,Rorippa,Brassicaceae,Brassicales,Magnoliopsida,Streptophyta,,family,family,
439,Commelina communis,Commelina,Commelinaceae,Commelinales,Magnoliopsida,Streptophyta,,family,family,
198,Bunodeopsis,Bunodeopsis,Boloceroididae,Actiniaria,Anthozoa,Cnidaria,,family,family,
680,Proterorhinus semilunaris,Proterorhinus,Gobiidae,Gobiiformes,Actinopteri,Chordata,,family,family,
483,Lycopus europaeus,Lycopus,Lamiaceae,Lamiales,Magnoliopsida,Streptophyta,,family,family,
482,Lycopus asper,Lycopus,Lamiaceae,Lamiales,Magnoliopsida,Streptophyta,,family,family,
551,Salsola,Salsola,Chenopodiaceae,Caryophyllales,Magnoliopsida,Streptophyta,,family,family,
676,Piaractus brachypomus,Piaractus,Serrasalmidae,Characiformes,Actinopteri,Chordata,,family,family,
682,Salmo trutta x Salvelinus fontinalis,,Salmonidae,Salmoniformes,Actinopteri,Chordata,,family,family,
476,Leucojum aestivum,Leucojum,Amaryllidaceae,Asparagales,Magnoliopsida,Streptophyta,,family,family,
320,Tenellia adspersa,Tenellia,Trinchesiidae,Nudibranchia,Gastropoda,Mollusca,,family,family,
188,Lophopodella carteri,Lophopodella,Lophopodidae,,Phylactolaemata,Bryozoa,,family,family,
553,Sapium,Sapium,Euphorbiaceae,Malpighiales,Magnoliopsida,Streptophyta,,family,family,
45,Diplosoma listerianum,Diplosoma,Didemnidae,Aplousobranchia,Ascidiacea,Chordata,,family,family,
544,Sagina procumbens,Sagina,Caryophyllaceae,Caryophyllales,Magnoliopsida,Streptophyta,,family,family,
495,Microstegium vimineum,Microstegium,Poaceae,Poales,Magnoliopsida,Streptophyta,,family,family,
318,Theora lubrica,Theora,Semelidae,Cardiida,Bivalvia,Mollusca,,family,family,
175,Tricellaria inopinata,Tricellaria,Candidae,Cheilostomatida,Gymnolaemata,Bryozoa,,family,family,
464,Hygrophila polysperma,Hygrophila,Acanthaceae,Lamiales,Magnoliopsida,Streptophyta,,family,family,
462,Hydrocharis morsus-ranae,Hydrocharis,Hydrocharitaceae,Alismatales,Magnoliopsida,Streptophyta,,family,family,
459,Helenium flexuosum,Helenium,Asteraceae,Asterales,Magnoliopsida,Streptophyta,,family,family,
458,Hedera helix,Hedera,Araliaceae,Apiales,Magnoliopsida,Streptophyta,,family,family,
498,Muhlenbergia racemosa,Muhlenbergia,Poaceae,Poales,Magnoliopsida,Streptophyta,,family,family,
499,Myosotis arvensis,Myosotis,Boraginaceae,Boraginales,Magnoliopsida,Streptophyta,,family,family,
455,Gnaphalium uliginosum,Gnaphalium,Asteraceae,Asterales,Magnoliopsida,Streptophyta,,family,family,
454,Glyceria maxima,Glyceria,Poaceae,Poales,Magnoliopsida,Streptophyta,,family,family,
453,Gleditsia triacanthos,Gleditsia,Fabaceae,Fabales,Magnoliopsida,Streptophyta,,family,family,
452,Frangula alnus,Frangula,Rhamnaceae,Rosales,Magnoliopsida,Streptophyta,,family,family,
86,Belonesox belizanus,Belonesox,Poeciliidae,Cyprinodontiformes,Actinopteri,Chordata,,family,family,
500,Myosotis scorpioides,Myosotis,Boraginaceae,Boraginales,Magnoliopsida,Streptophyta,,family,family,
501,Myosoton aquaticum,Myosoton,Caryophyllaceae,Caryophyllales,Magnoliopsida,Streptophyta,,family,family,
92,Microspongium globosum,Microspongium,Chordariaceae,Ectocarpales,Phaeophyceae,,,family,family,
230,Monocorophium acherusicum,Monocorophium,Corophiidae,Amphipoda,Malacostraca,Arthropoda,,family,family,
509,Parthenocissus quinquefolia,Parthenocissus,Vitaceae,Vitales,Magnoliopsida,Streptophyta,,family,family,
102,Neosiphonia,Neosiphonia,Rhodomelaceae,Ceramiales,Florideophyceae,Rhodophyta,,family,family,
28,Melanoides tuberculata,Melanoides,Thiaridae,,Gastropoda,Mollusca,,family,family,
524,Polygonum ramosissimum,Polygonum,Polygonaceae,Caryophyllales,Magnoliopsida,Streptophyta,,family,family,
375,Tarebia granifera,Tarebia,Thiaridae,,Gastropoda,Mollusca,,family,family,
255,Cyclops strenuus,Cyclops,Cyclopidae,Cyclopoida,Hexanauplia,Arthropoda,,family,family,
153,Salmacina,Salmacina,Serpulidae,Sabellida,Polychaeta,Annelida,,family,family,
257,Eurytemora affinis,Eurytemora,Temoridae,Calanoida,Hexanauplia,Arthropoda,,family,family,
596,Caiman crocodilus,Caiman,Alligatoridae,Crocodylia,,Chordata,,family,family,
258,Heteropsyllus,Heteropsyllus,Canthocamptidae,Harpacticoida,Hexanauplia,Arthropoda,,family,family,
259,Megacyclops viridis,Megacyclops,Cyclopidae,Cyclopoida,Hexanauplia,Arthropoda,,family,family,
34,Hydrilla verticillata,Hydrilla,Hydrocharitaceae,Alismatales,Magnoliopsida,Streptophyta,,family,family,
367,Elimia virginica,Elimia,Pleuroceridae,,Gastropoda,Mollusca,,family,family,
262,Nitokra hibernica,Nitokra,Ameiridae,Harpacticoida,Hexanauplia,Arthropoda,,family,family,
365,Cipangopaludina japonica,Cipangopaludina,Viviparidae,Architaenioglossa,Gastropoda,Mollusca,,family,family,
364,Cipangopaludina chinensis,Cipangopaludina,Viviparidae,Architaenioglossa,Gastropoda,Mollusca,,family,family,
263,Nitokra,Nitokra,Ameiridae,Harpacticoida,Hexanauplia,Arthropoda,,family,family,
267,Schizopera,Schizopera,Miraciidae,Harpacticoida,Hexanauplia,Arthropoda,,family,family,
637,Archoplites interruptus,Archoplites,Centrarchidae,Centrarchiformes,Actinopteri,Chordata,,family,family,
360,Ocinebrellus inornatus,Ocinebrellus,Muricidae,Neogastropoda,Gastropoda,Mollusca,,family,family,
359,Busycotypus canaliculatus,Busycotypus,Melongenidae,Neogastropoda,Gastropoda,Mollusca,,family,family,
344,Lasmigona subviridis,Lasmigona,Unionidae,Unionida,Bivalvia,Mollusca,,family,family,
314,Ceratostoma,Ceratostoma,Muricidae,Neogastropoda,Gastropoda,Mollusca,,family,family,
282,Dynamenopsis,Dynamenopsis,Sphaeromatidae,Isopoda,Malacostraca,Arthropoda,,family,family,
352,Tridacna,Tridacna,Cardiidae,Cardiida,Bivalvia,Mollusca,,family,family,
283,Dynoides,Dynoides,Sphaeromatidae,Isopoda,Malacostraca,Arthropoda,,family,family,
1,Heterosiphonia,Heterosiphonia,Dasyaceae,Ceramiales,Florideophyceae,Rhodophyta,,family,family,
622,Tilapia,Tilapia,Cichlidae,Cichliformes,Actinopteri,Chordata,,family,family,
522,Polygonum aviculare,Polygonum,Polygonaceae,Caryophyllales,Magnoliopsida,Streptophyta,,family,family,
644,Enneacanthus gloriosus,Enneacanthus,Centrarchidae,Centrarchiformes,Actinopteri,Chordata,,family,family,
523,Polygonum cuspidatum,Polygonum,Polygonaceae,Caryophyllales,Magnoliopsida,Streptophyta,,family,family,
248,Megabalanus coccopoma,Megabalanus,Balanidae,Sessilia,Hexanauplia,Arthropoda,,family,family,
418,Bidens tripartita,Bidens,Asteraceae,Asterales,Magnoliopsida,Streptophyta,,family,family,
487,Macfadyena,Macfadyena,Bignoniaceae,Lamiales,Magnoliopsida,Streptophyta,,family,family,
231,Monocorophium insidiosum,Monocorophium,Corophiidae,Amphipoda,Malacostraca,Arthropoda,,family,family,
170,Streblospio benedicti,Streblospio,Spionidae,Spionida,Polychaeta,Annelida,,family,family,
658,Lucania parva,Lucania,Fundulidae,Cyprinodontiformes,Actinopteri,Chordata,,family,family,
167,Pomatoleios kraussii,Pomatoleios,Serpulidae,Sabellida,Polychaeta,Annelida,,family,family,
410,Armoracia rusticana,Armoracia,Brassicaceae,Brassicales,Magnoliopsida,Streptophyta,,family,family,
538,Rhynchospora nitens,Rhynchospora,Cyperaceae,Poales,Magnoliopsida,Streptophyta,,family,family,
311,Janua pagenstecheri,Janua,Serpulidae,Sabellida,Polychaeta,Annelida,,family,family,
521,Polygonum,Polygonum,Polygonaceae,Caryophyllales,Magnoliopsida,Streptophyta,,family,family,
236,Corophium,Corophium,Corophiidae,Amphipoda,Malacostraca,Arthropoda,,family,family,
656,Limia vittata,Limia,Poeciliidae,Cyprinodontiformes,Actinopteri,Chordata,,family,family,
164,Neanthes,Neanthes,Nereididae,Phyllodocida,Polychaeta,Annelida,,family,family,
580,Bothriocephalus,Bothriocephalus,Bothriocephalidae,Bothriocephalidea,Cestoda,Platyhelminthes,,family,family,
330,Nuttallia obscurata,Nuttallia,Psammobiidae,Cardiida,Bivalvia,Mollusca,,family,family,
648,Hemichromis letourneuxi,Hemichromis,Cichlidae,Cichliformes,Actinopteri,Chordata,,family,family,
296,Ophiactis savignyi,Ophiactis,Ophiactidae,Amphilepidida,Ophiuroidea,Echinodermata,,family,family,
5,Ficopomatus enigmaticus,Ficopomatus,Serpulidae,Sabellida,Polychaeta,Annelida,,family,family,
16,Cercopagis pengoi,Cercopagis,Cercopagididae,Diplostraca,Branchiopoda,Arthropoda,,family,family,
332,Zalophus californianus,Zalophus,Otariidae,Carnivora,Mammalia,Chordata,,family,family,
397,Alliaria petiolata,Alliaria,Brassicaceae,Brassicales,Magnoliopsida,Streptophyta,,family,family,
488,Marrubium vulgare,Marrubium,Lamiaceae,Lamiales,Magnoliopsida,Streptophyta,,family,family,
163,Neanthes acuminata,Neanthes,Nereididae,Phyllodocida,Polychaeta,Annelida,,family,family,
394,Aegopodium podagraria,Aegopodium,Apiaceae,Apiales,Magnoliopsida,Streptophyta,,family,family,
14,Amphibalanus improvisus,Amphibalanus,Balanidae,Sessilia,Hexanauplia,Arthropoda,,family,family,
30,Caulerpa taxifolia,Caulerpa,Caulerpaceae,Bryopsidales,Ulvophyceae,Chlorophyta,,genus,genus,
4,Bonnemaisonia hamifera,Bonnemaisonia,Bonnemaisoniaceae,Bonnemaisoniales,Florideophyceae,Rhodophyta,,genus,genus,
543,Rumex obtusifolius,Rumex,Polygonaceae,Caryophyllales,Magnoliopsida,Streptophyta,,genus,genus,
546,Salix exigua,Salix,Salicaceae,Malpighiales,Magnoliopsida,Streptophyta,,genus,genus,
8,Membranipora membranacea,Membranipora,Membraniporidae,Cheilostomatida,Gymnolaemata,Bryozoa,,genus,genus,
545,Salix alba,Salix,Salicaceae,Malpighiales,Magnoliopsida,Streptophyta,,genus,genus,
547,Salix fragilis,Salix,Salicaceae,Malpighiales,Magnoliopsida,Streptophyta,,genus,genus,
542,Rumex longifolius,Rumex,Polygonaceae,Caryophyllales,Magnoliopsida,Streptophyta,,genus,genus,
541,Rumex crispus,Rumex,Polygonaceae,Caryophyllales,Magnoliopsida,Streptophyta,,genus,genus,
540,Rumex acetosella,Rumex,Polygonaceae,Caryophyllales,Magnoliopsida,Streptophyta,,genus,genus,
33,Eichhornia crassipes,Pontederia,Pontederiaceae,Commelinales,Magnoliopsida,Streptophyta,,genus,genus,
549,Salix x pendulina,Salix,Salicaceae,Malpighiales,Magnoliopsida,Streptophyta,,genus,genus,
577,Viola blanda var. palustriformis,Viola,Violaceae,Malpighiales,Magnoliopsida,Streptophyta,,genus,genus,
578,Wisteria frutescens,Wisteria,Fabaceae,Fabales,Magnoliopsida,Streptophyta,,genus,genus,
579,Xanthium strumarium,Xanthium,Asteraceae,Asterales,Magnoliopsida,Streptophyta,,genus,genus,
655,Leuciscus idus,Leuciscus,Leuciscidae,Cypriniformes,Actinopteri,Chordata,,genus,genus,
654,Lepomis microlophus,Lepomis,Centrarchidae,Centrarchiformes,Actinopteri,Chordata,,genus,genus,
15,Bythotrephes longimanus,Bythotrephes,Cercopagididae,Diplostraca,Branchiopoda,Arthropoda,,genus,genus,
39,Didemnum vexillum,Didemnum,Didemnidae,Aplousobranchia,Ascidiacea,Chordata,,genus,genus,
37,Salvinia molesta,Salvinia,Salviniaceae,Salviniales,Polypodiopsida,Streptophyta,,genus,genus,
35,Nymphoides peltata,Nymphoides,Menyanthaceae,Asterales,Magnoliopsida,Streptophyta,,genus,genus,
617,Corella willmeriana,Corella,Corellidae,Phlebobranchia,Ascidiacea,Chordata,,genus,genus,
595,Varanus indicus,Varanus,Varanidae,Squamata,Lepidosauria,Chordata,,genus,genus,
620,Symplegma brakenhielmi,Symplegma,Styelidae,Stolidobranchia,Ascidiacea,Chordata,,genus,genus,
641,Cichlasoma bimaculatum,Cichlasoma,Cichlidae,Cichliformes,Actinopteri,Chordata,,genus,genus,
600,Mycale parishii,Mycale,Mycalidae,Poecilosclerida,Demospongiae,Porifera,,genus,genus,
27,Dreissena rostriformis bugensis,Dreissena,Dreissenidae,Myida,Bivalvia,Mollusca,,genus,genus,
631,Acanthurus maculiceps,Acanthurus,Acanthuridae,Acanthuriformes,Actinopteri,Chordata,,genus,genus,
601,Sigmadocia caerulea,Haliclona,Chalinidae,Haplosclerida,Demospongiae,Porifera,,genus,genus,
576,Viola blanda,Viola,Violaceae,Malpighiales,Magnoliopsida,Streptophyta,,genus,genus,
575,Viburnum opulus var. americanum,Viburnum,Adoxaceae,Dipsacales,Magnoliopsida,Streptophyta,,genus,genus,
574,Veronica serpyllifolia,Veronica,Plantaginaceae,Lamiales,Magnoliopsida,Streptophyta,,genus,genus,
573,Veronica beccabunga,Veronica,Plantaginaceae,Lamiales,Magnoliopsida,Streptophyta,,genus,genus,
611,Didemnum candidum,Didemnum,Didemnidae,Aplousobranchia,Ascidiacea,Chordata,,genus,genus,
552,Salvinia minima,Salvinia,Salviniaceae,Salviniales,Polypodiopsida,Streptophyta,,genus,genus,
555,Solidago sempervirens,Solidago,Asteraceae,Asterales,Magnoliopsida,Streptophyta,,genus,genus,
556,Sonchus arvensis,Sonchus,Asteraceae,Asterales,Magnoliopsida,Streptophyta,,genus,genus,
557,Sonchus arvensis subsp. uliginosus,Sonchus,Asteraceae,Asterales,Magnoliopsida,Streptophyta,,genus,genus,
12,Mysis diluviana,Mysis,Mysidae,Mysida,Malacostraca,Arthropoda,,genus,genus,
558,Sonchus asper,Sonchus,Asteraceae,Asterales,Magnoliopsida,Streptophyta,,genus,genus,
560,Sparganium androcladum,Sparganium,Typhaceae,Poales,Magnoliopsida,Streptophyta,,genus,genus,
679,Poecilia vivipara,Poecilia,Poeciliidae,Cyprinodontiformes,Actinopteri,Chordata,,genus,genus,
561,Sparganium emersum,Sparganium,Typhaceae,Poales,Magnoliopsida,Streptophyta,,genus,genus,
564,Stachys palustris,Stachys,Lamiaceae,Lamiales,Magnoliopsida,Streptophyta,,genus,genus,
613,Botrylloides diegensis,Botrylloides,Styelidae,Stolidobranchia,Ascidiacea,Chordata,,genus,genus,
566,Tradescantia pallida,Tradescantia,Commelinaceae,Commelinales,Magnoliopsida,Streptophyta,,genus,genus,
665,Oncorhynchus mykiss irideus,Oncorhynchus,Salmonidae,Salmoniformes,Actinopteri,Chordata,,genus,genus,
568,Trifolium hybridum,Trifolium,Fabaceae,Fabales,Magnoliopsida,Streptophyta,,genus,genus,
569,Trillium erectum,Trillium,Melanthiaceae,Liliales,Magnoliopsida,Streptophyta,,genus,genus,
663,Noturus insignis,Noturus,Ictaluridae,Siluriformes,Actinopteri,Chordata,,genus,genus,
662,Notropis buchanani,Notropis,Leuciscidae,Cypriniformes,Actinopteri,Chordata,,genus,genus,
562,Sparganium glomeratum,Sparganium,Typhaceae,Poales,Magnoliopsida,Streptophyta,,genus,genus,
533,Ranunculus bulbosus,Ranunculus,Ranunculaceae,Ranunculales,Magnoliopsida,Streptophyta,,genus,genus,
415,Barbarea vulgaris,Barbarea,Brassicaceae,Brassicales,Magnoliopsida,Streptophyta,,genus,genus,
531,Puccinellia distans,Puccinellia,Poaceae,Poales,Magnoliopsida,Streptophyta,,genus,genus,
280,Sphaeroma walkeri,Sphaeroma,Sphaeromatidae,Isopoda,Malacostraca,Arthropoda,,genus,genus,
281,Ligia exotica,Ligia,Ligiidae,Isopoda,Malacostraca,Arthropoda,,genus,genus,
289,Litopenaeus vannamei,Penaeus,Penaeidae,Decapoda,Malacostraca,Arthropoda,,genus,genus,
290,Macrobrachium olfersii,Macrobrachium,Palaemonidae,Decapoda,Malacostraca,Arthropoda,,genus,genus,
291,Penaeus monodon,Penaeus,Penaeidae,Decapoda,Malacostraca,Arthropoda,,genus,genus,
293,Macrobrachium lar,Macrobrachium,Palaemonidae,Decapoda,Malacostraca,Arthropoda,,genus,genus,
295,Palaemon macrodactylus,Palaemon,Palaemonidae,Decapoda,Malacostraca,Arthropoda,,genus,genus,
300,Hydroides elegans,Hydroides,Serpulidae,Sabellida,Polychaeta,Annelida,,genus,genus,
307,Hydroides dirampha,Hydroides,Serpulidae,Sabellida,Polychaeta,Annelida,,genus,genus,
532,Ranunculus acris,Ranunculus,Ranunculaceae,Ranunculales,Magnoliopsida,Streptophyta,,genus,genus,
309,Clymenella torquata,Clymenella,Maldanidae,,Polychaeta,Annelida,,genus,genus,
84,Charybdis hellerii,Charybdis,Portunidae,Decapoda,Malacostraca,Arthropoda,,genus,genus,
82,Asparagopsis armata,Asparagopsis,Bonnemaisoniaceae,Bonnemaisoniales,Florideophyceae,Rhodophyta,,genus,genus,
324,Crucibulum spinosum,Crucibulum,Calyptraeidae,Littorinimorpha,Gastropoda,Mollusca,,genus,genus,
334,Musculista senhousia,Arcuatula,Mytilidae,Mytiloida,Bivalvia,Mollusca,,genus,genus,
338,Mytella charruana,Mytella,Mytilidae,Mytiloida,Bivalvia,Mollusca,,genus,genus,
340,Chama pacifica,Chama,Chamidae,Venerida,Bivalvia,Mollusca,,genus,genus,
341,Chama macerophylla,Chama,Chamidae,Venerida,Bivalvia,Mollusca,,genus,genus,
346,Pisidium amnicum,Pisidium,Sphaeriidae,Venerida,Bivalvia,Mollusca,,genus,genus,
347,Pisidium henslowanum,Pisidium,Sphaeriidae,Venerida,Bivalvia,Mollusca,,genus,genus,
349,Pisidium supinum,Pisidium,Sphaeriidae,Venerida,Bivalvia,Mollusca,,genus,genus,
357,Batillaria attramentaria,Batillaria,Batillariidae,,Gastropoda,Mollusca,,genus,genus,
371,Philine auriformis,Philine,Philinidae,Cephalaspidea,Gastropoda,Mollusca,,genus,genus,
382,Eubranchus rupium,Eubranchus,Eubranchidae,Nudibranchia,Gastropoda,Mollusca,,genus,genus,
386,Sporobolus alterniflorus,Sporobolus,Poaceae,Poales,Magnoliopsida,Streptophyta,,genus,genus,
278,Sphaeroma terebrans,Sphaeroma,Sphaeromatidae,Isopoda,Malacostraca,Arthropoda,,genus,genus,
277,Sphaeroma quoianum,Sphaeroma,Sphaeromatidae,Isopoda,Malacostraca,Arthropoda,,genus,genus,
273,Pachygrapsus fakaravensis,Pachygrapsus,Grapsidae,Decapoda,Malacostraca,Arthropoda,,genus,genus,
272,Callinectes bocourti,Callinectes,Portunidae,Decapoda,Malacostraca,Arthropoda,,genus,genus,
148,Potamothrix vejdovskyi,Potamothrix,Naididae,Haplotaxida,Clitellata,Annelida,,genus,genus,
151,Polydora cornuta,Polydora,Spionidae,Spionida,Polychaeta,Annelida,,genus,genus,
130,Enteromorpha prolifera,Ulva,Ulvaceae,Ulvales,Ulvophyceae,Chlorophyta,,genus,genus,
159,Hydroides brachyacantha,Hydroides,Serpulidae,Sabellida,Polychaeta,Annelida,,genus,genus,
160,Lumbrineris japonica,Lumbrineris,Lumbrineridae,Eunicida,Polychaeta,Annelida,,genus,genus,
129,Enteromorpha intestinalis,Ulva,Ulvaceae,Ulvales,Ulvophyceae,Chlorophyta,,genus,genus,
128,Enteromorpha flexuosa,Ulva,Ulvaceae,Ulvales,Ulvophyceae,Chlorophyta,,genus,genus,
180,Schizoporella errata,Schizoporella,Schizoporellidae,Cheilostomatida,Gymnolaemata,Bryozoa,,genus,genus,
118,Caulerpa serrulata,Caulerpa,Caulerpaceae,Bryopsidales,Ulvophyceae,Chlorophyta,,genus,genus,
194,Myxobolus cerebralis,Myxobolus,Myxobolidae,Bivalvulida,Myxozoa,Cnidaria,,genus,genus,
195,Carijoa riisei,Carijoa,Clavulariidae,Alcyonacea,Anthozoa,Cnidaria,,genus,genus,
203,Moerisia lyonsi,Moerisia,Moerisiidae,Anthoathecata,Hydrozoa,Cnidaria,,genus,genus,
387,Sporobolus anglicus,Sporobolus,Poaceae,Poales,Magnoliopsida,Streptophyta,,genus,genus,
110,Grateloupia turuturu,Grateloupia,Halymeniaceae,Halymeniales,Florideophyceae,Rhodophyta,,genus,genus,
218,Thyroscyphus fruticosus,Thyroscyphus,Sertulariidae,Leptothecata,Hydrozoa,Cnidaria,,genus,genus,
108,Bryopsis pennata,Bryopsis,Bryopsidaceae,Bryopsidales,Ulvophyceae,Chlorophyta,,genus,genus,
104,Antithamnion nipponicum,Antithamnion,Ceramiaceae,Ceramiales,Florideophyceae,Rhodophyta,,genus,genus,
243,Balanus trigonus,Balanus,Balanidae,Sessilia,Hexanauplia,Arthropoda,,genus,genus,
100,Hypnea musciformis,Hypnea,Hypneaceae,Gigartinales,Florideophyceae,Rhodophyta,,genus,genus,
245,Chthamalus proteus,Chthamalus,Chthamalidae,Sessilia,Hexanauplia,Arthropoda,,genus,genus,
246,Balanus crenatus,Balanus,Balanidae,Sessilia,Hexanauplia,Arthropoda,,genus,genus,
247,Balanus glandula,Balanus,Balanidae,Sessilia,Hexanauplia,Arthropoda,,genus,genus,
249,Daphnia galeata galeata,Daphnia,Daphniidae,Diplostraca,Branchiopoda,Arthropoda,,genus,genus,
251,Eubosmina maritima,Eubosmina,Bosminidae,Diplostraca,Branchiopoda,Arthropoda,,genus,genus,
256,Daphnia lumholtzi,Daphnia,Daphniidae,Diplostraca,Branchiopoda,Arthropoda,,genus,genus,
97,Fucus cottoni,Fucus,Fucaceae,Fucales,Phaeophyceae,,,genus,genus,
109,Gracilaria tikvahiae,Gracilaria,Gracilariaceae,Gracilariales,Florideophyceae,Rhodophyta,,genus,genus,
388,Sporobolus densiflorus,Sporobolus,Poaceae,Poales,Magnoliopsida,Streptophyta,,genus,genus,
308,Pseudopolydora kempi,Pseudopolydora,Spionidae,Spionida,Polychaeta,Annelida,,genus,genus,
391,Zostera japonica,Zostera,Zosteraceae,Alismatales,Magnoliopsida,Streptophyta,,genus,genus,
449,Epilobium hirsutum,Epilobium,Onagraceae,Myrtales,Magnoliopsida,Streptophyta,,genus,genus,
450,Epilobium parviflorum,Epilobium,Onagraceae,Myrtales,Magnoliopsida,Streptophyta,,genus,genus,
456,Gypsophila paniculata,Gypsophila,Caryophyllaceae,Caryophyllales,Magnoliopsida,Streptophyta,,genus,genus,
457,Halymenia durvillei,Halymenia,Halymeniaceae,Halymeniales,Florideophyceae,Rhodophyta,,genus,genus,
463,Hydrocotyle umbellata,Hydrocotyle,Araliaceae,Apiales,Magnoliopsida,Streptophyta,,genus,genus,
469,Iris pseudacorus,Iris,Iridaceae,Asparagales,Magnoliopsida,Streptophyta,,genus,genus,
470,Juncus articulatus,Juncus,Juncaceae,Poales,Magnoliopsida,Streptophyta,,genus,genus,
471,Juncus compressus,Juncus,Juncaceae,Poales,Magnoliopsida,Streptophyta,,genus,genus,
472,Juncus gerardii,Juncus,Juncaceae,Poales,Magnoliopsida,Streptophyta,,genus,genus,
473,Juncus inflexus,Juncus,Juncaceae,Poales,Magnoliopsida,Streptophyta,,genus,genus,
477,Liatris pycnostachya,Liatris,Asteraceae,Asterales,Magnoliopsida,Streptophyta,,genus,genus,
481,Lupinus polyphyllus,Lupinus,Fabaceae,Fabales,Magnoliopsida,Streptophyta,,genus,genus,
484,Lysimachia nummularia,Lysimachia,Primulaceae,Ericales,Magnoliopsida,Streptophyta,,genus,genus,
447,Echinochloa muricata,Echinochloa,Poaceae,Poales,Magnoliopsida,Streptophyta,,genus,genus,
485,Lysimachia vulgaris,Lysimachia,Primulaceae,Ericales,Magnoliopsida,Streptophyta,,genus,genus,
491,Mentha aquatica,Mentha,Lamiaceae,Lamiales,Magnoliopsida,Streptophyta,,genus,genus,
493,Mentha x gracilis,Mentha,Lamiaceae,Lamiales,Magnoliopsida,Streptophyta,,genus,genus,
494,Mentha x piperita,Mentha,Lamiaceae,Lamiales,Magnoliopsida,Streptophyta,,genus,genus,
502,Najas marina,Najas,Hydrocharitaceae,Alismatales,Magnoliopsida,Streptophyta,,genus,genus,
503,Najas minor,Najas,Hydrocharitaceae,Alismatales,Magnoliopsida,Streptophyta,,genus,genus,
506,Oenothera pilosella,Oenothera,Onagraceae,Myrtales,Magnoliopsida,Streptophyta,,genus,genus,
507,Ornithogalum umbellatum,Ornithogalum,Hyacinthaceae,Asparagales,Magnoliopsida,Streptophyta,,genus,genus,
508,Panicum repens,Panicum,Poaceae,Poales,Magnoliopsida,Streptophyta,,genus,genus,
514,Plantago major,Plantago,Plantaginaceae,Lamiales,Magnoliopsida,Streptophyta,,genus,genus,
516,Pluchea odorata,Pluchea,Asteraceae,Asterales,Magnoliopsida,Streptophyta,,genus,genus,
518,Poa bulbosa,Poa,Poaceae,Poales,Magnoliopsida,Streptophyta,,genus,genus,
528,Potentilla norvegica,Potentilla,Rosaceae,Rosales,Magnoliopsida,Streptophyta,,genus,genus,
529,Prosopis pallida,Prosopis,Fabaceae,Fabales,Magnoliopsida,Streptophyta,,genus,genus,
489,Marsilea quadrifolia,Marsilea,Marsileaceae,Salviniales,Polypodiopsida,Streptophyta,,genus,genus,
441,Crataegus douglasii,Crataegus,Rosaceae,Rosales,Magnoliopsida,Streptophyta,,genus,genus,
466,Impatiens glandulifera,Impatiens,Balsaminaceae,Ericales,Magnoliopsida,Streptophyta,,genus,genus,
0,Codium fragile subsp. tomentosoides,Codium,Codiaceae,Bryopsidales,Ulvophyceae,Chlorophyta,,genus,genus,
413,Atriplex patula,Atriplex,Chenopodiaceae,Caryophyllales,Magnoliopsida,Streptophyta,,genus,genus,
408,Anthriscus caucalis,Anthriscus,Apiaceae,Apiales,Magnoliopsida,Streptophyta,,genus,genus,
407,Andropogon virginicus,Andropogon,Poaceae,Poales,Magnoliopsida,Streptophyta,,genus,genus,
406,Ammophila arenaria,Ammophila,Poaceae,Poales,Magnoliopsida,Streptophyta,,genus,genus,
405,Ambrosia psilostachya,Ambrosia,Asteraceae,Asterales,Magnoliopsida,Streptophyta,,genus,genus,
404,Amaranthus blitoides,Amaranthus,Amaranthaceae,Caryophyllales,Magnoliopsida,Streptophyta,,genus,genus,
402,Alopecurus pratensis,Alopecurus,Poaceae,Poales,Magnoliopsida,Streptophyta,,genus,genus,
414,Barbarea orthoceras,Barbarea,Brassicaceae,Brassicales,Magnoliopsida,Streptophyta,,genus,genus,
139,Thalassiosira baltica,Thalassiosira,Thalassiosiraceae,Thalassiosirales,Coscinodiscophyceae,Bacillariophyta,,genus,genus,
419,Boehmeria cylindrica,Boehmeria,Urticaceae,Rosales,Magnoliopsida,Streptophyta,,genus,genus,
423,Callitriche stagnalis,Callitriche,Plantaginaceae,Lamiales,Magnoliopsida,Streptophyta,,genus,genus,
428,Carex bushii,Carex,Cyperaceae,Poales,Magnoliopsida,Streptophyta,,genus,genus,
411,Artemisia biennis,Artemisia,Asteraceae,Asterales,Magnoliopsida,Streptophyta,,genus,genus,
401,Alopecurus geniculatus,Alopecurus,Poaceae,Poales,Magnoliopsida,Streptophyta,,genus,genus,
409,Arenaria serpyllifolia,Arenaria,Caryophyllaceae,Caryophyllales,Magnoliopsida,Streptophyta,,genus,genus,
400,Alopecurus carolinianus,Alopecurus,Poaceae,Poales,Magnoliopsida,Streptophyta,,genus,genus,
393,Achillea ptarmica,Achillea,Asteraceae,Asterales,Magnoliopsida,Streptophyta,,genus,genus,
429,Carex crawei,Carex,Cyperaceae,Poales,Magnoliopsida,Streptophyta,,genus,genus,
63,Lepisosteus platostomus,Lepisosteus,Lepisosteidae,Semionotiformes,Actinopteri,Chordata,,genus,genus,
430,Carex disticha,Carex,Cyperaceae,Poales,Magnoliopsida,Streptophyta,,genus,genus,
437,Cirsium palustre,Cirsium,Asteraceae,Asterales,Magnoliopsida,Streptophyta,,genus,genus,
432,Carex ovalis,Carex,Cyperaceae,Poales,Magnoliopsida,Streptophyta,,genus,genus,
587,Timoniella,Timoniella,Cryptogonimidae,Opisthorchiida,Trematoda,Platyhelminthes,,order,order,
13,Caprella mutica,Caprella,Caprellidae,Amphipoda,Malacostraca,Arthropoda,,order,order,
379,Cumanotus,Cumanotus,Cumanotidae,Nudibranchia,Gastropoda,Mollusca,,order,order,
117,Caulacanthus ustulatus,Caulacanthus,Caulacanthaceae,Gigartinales,Florideophyceae,Rhodophyta,,order,order,
193,Watersipora subtorquata,Watersipora,Watersiporidae,Cheilostomatida,Gymnolaemata,Bryozoa,,order,order,
9,Bugula neritina,Bugula,Bugulidae,Cheilostomatida,Gymnolaemata,Bryozoa,,order,order,
179,Amathia distans,Amathia,Vesiculariidae,Ctenostomatida,Gymnolaemata,Bryozoa,,order,order,
187,Cribrilina,Cribrilina,Cribrilinidae,Cheilostomatida,Gymnolaemata,Bryozoa,,order,order,
369,Hermissenda crassicornis,Hermissenda,Glaucidae,Nudibranchia,Gastropoda,Mollusca,,order,order,
368,Gillia altilis,Gillia,Lithoglyphidae,Littorinimorpha,Gastropoda,Mollusca,,order,order,
363,Bithynia tentaculata,Bithynia,Bithyniidae,Littorinimorpha,Gastropoda,Mollusca,,order,order,
186,Bugula pacifica,Bugula,Bugulidae,Cheilostomatida,Gymnolaemata,Bryozoa,,order,order,
177,Cryptosula pallasiana,Cryptosula,Cryptosulidae,Cheilostomatida,Gymnolaemata,Bryozoa,,order,order,
184,Bowerbankia,Bowerbankia,Vesiculariidae,Ctenostomatida,Gymnolaemata,Bryozoa,,order,order,
181,Watersipora arcuata,Watersipora,Watersiporidae,Cheilostomatida,Gymnolaemata,Bryozoa,,order,order,
191,Savigyniella lafonti,Savigyniella,Savignyellidae,Cheilostomatida,Gymnolaemata,Bryozoa,,order,order,
185,Bugula,Bugula,Bugulidae,Cheilostomatida,Gymnolaemata,Bryozoa,,order,order,
285,Paranthura,Paranthura,Paranthuridae,Isopoda,Malacostraca,Arthropoda,,order,order,
232,Gammarus daiberi,Gammarus,Gammaridae,Amphipoda,Malacostraca,Arthropoda,,order,order,
284,Joeropsis dubia,Joeropsis,Joeropsidae,Isopoda,Malacostraca,Arthropoda,,order,order,
95,Cladophora sericea,Cladophora,Cladophoraceae,Cladophorales,Ulvophyceae,Chlorophyta,,order,order,
279,Synidotea laevidorsalis,Synidotea,Idoteidae,Isopoda,Malacostraca,Arthropoda,,order,order,
276,Petrolisthes armatus,Petrolisthes,Porcellanidae,Decapoda,Malacostraca,Arthropoda,,order,order,
275,Cancer,Cancer,Cancridae,Decapoda,Malacostraca,Arthropoda,,order,order,
96,Dictyosphaeria cavernosa,Dictyosphaeria,Siphonocladaceae,Cladophorales,Ulvophyceae,Chlorophyta,,order,order,
292,Caprella penantis,Caprella,Caprellidae,Amphipoda,Malacostraca,Arthropoda,,order,order,
271,Carcinus maenas,Carcinus,Carcinidae,Decapoda,Malacostraca,Arthropoda,,order,order,
268,Skistodiaptomus pallidus,Skistodiaptomus,Diaptomidae,Calanoida,Hexanauplia,Arthropoda,,order,order,
266,Salmincola,Salmincola,Lernaeopodidae,Siphonostomatoida,Hexanauplia,Arthropoda,,order,order,
265,Pseudodiaptomus marinus,Pseudodiaptomus,Pseudodiaptomidae,Calanoida,Hexanauplia,Arthropoda,,order,order,
227,Jassa marmorata,Jassa,Ischyroceridae,Amphipoda,Malacostraca,Arthropoda,,order,order,
590,Corythionella,Corythionella,Cyphoderiidae,Euglyphida,,Imbricatea,,order,order,
299,Sphaeromyxa sevastopoli,Sphaeromyxa,Sphaeromyxidae,Bivalvulida,Myxozoa,Cnidaria,,order,order,
17,Rhithropanopeus harrisii,Rhithropanopeus,Panopeidae,Decapoda,Malacostraca,Arthropoda,,order,order,
479,Lomentaria hakodatensis,Lomentaria,Lomentariaceae,Rhodymeniales,Florideophyceae,Rhodophyta,,order,order,
242,Stenothoe,Stenothoe,Stenothoidae,Amphipoda,Malacostraca,Arthropoda,,order,order,
241,Parapleustes,Parapleustes,Pleustidae,Amphipoda,Malacostraca,Arthropoda,,order,order,
240,Microjassa,Microjassa,Ischyroceridae,Amphipoda,Malacostraca,Arthropoda,,order,order,
239,Gammarus tigrinus,Gammarus,Gammaridae,Amphipoda,Malacostraca,Arthropoda,,order,order,
238,Ericthonius brasiliensis,Ericthonius,Ischyroceridae,Amphipoda,Malacostraca,Arthropoda,,order,order,
237,Echinogammarus ischnus,Echinogammarus,Gammaridae,Amphipoda,Malacostraca,Arthropoda,,order,order,
286,Eusarsiella,Eusarsiella,Sarsiellidae,Myodocopida,Ostracoda,Arthropoda,,order,order,
233,Ampelisca abdita,Ampelisca,Ampeliscidae,Amphipoda,Malacostraca,Arthropoda,,order,order,
253,Pseudodiaptomus inopinus,Pseudodiaptomus,Pseudodiaptomidae,Calanoida,Hexanauplia,Arthropoda,,order,order,
234,Ampithoe valida,Ampithoe,Ampithoidae,Amphipoda,Malacostraca,Arthropoda,,order,order,
