,genusspecies,genus,familia,ordo,classis,phylum,regio,trnL,True Result,ERROR
345,Ostrea,Ostrea,Ostreidae,Ostreida,Bivalvia,Mollusca,,0,0,
340,Chama pacifica,Chama,Chamidae,Venerida,Bivalvia,Mollusca,,0,0,
339,Perna viridis,Perna,Mytilidae,Mytiloida,Bivalvia,Mollusca,,0,0,
338,Mytella charruana,Mytella,Mytilidae,Mytiloida,Bivalvia,Mollusca,,0,0,
337,Mercenaria mercenaria,Mercenaria,Veneridae,Venerida,Bivalvia,Mollusca,,0,0,
336,Gemma gemma,Gemma,Veneridae,Venerida,Bivalvia,Mollusca,,0,0,
335,Mytilus galloprovincialis,Mytilus,Mytilidae,Mytiloida,Bivalvia,Mollusca,,0,0,
334,Musculista senhousia,Arcuatula,Mytilidae,Mytiloida,Bivalvia,Mollusca,,0,0,
333,Lyrodus,Lyrodus,Teredinidae,Myida,Bivalvia,Mollusca,,0,0,
332,Zalophus californianus,Zalophus,Otariidae,Carnivora,Mammalia,Chordata,,0,0,
331,Rattus norvegicus,Rattus,Muridae,Rodentia,Mammalia,Chordata,,0,0,
330,Nuttallia obscurata,Nuttallia,Psammobiidae,Cardiida,Bivalvia,Mollusca,,0,0,
329,Limnoperna fortunei,Limnoperna,Mytilidae,Mytiloida,Bivalvia,Mollusca,,0,0,
328,Adula,Adula,Mytilidae,Mytiloida,Bivalvia,Mollusca,,0,0,
327,Thecacera pennigera,Thecacera,Polyceridae,Nudibranchia,Gastropoda,Mollusca,,0,0,
326,Pinctada margaritifera,Pinctada,Pteriidae,Pterioida,Bivalvia,Mollusca,,0,0,
325,Ostrea edulis,Ostrea,Ostreidae,Ostreida,Bivalvia,Mollusca,,0,0,
324,Crucibulum spinosum,Crucibulum,Calyptraeidae,Littorinimorpha,Gastropoda,Mollusca,,0,0,
323,Anomia,Anomia,Anomiidae,Pectinida,Bivalvia,Mollusca,,0,0,
322,Urosalpinx cinerea,Urosalpinx,Muricidae,Neogastropoda,Gastropoda,Mollusca,,0,0,
320,Tenellia adspersa,Tenellia,Trinchesiidae,Nudibranchia,Gastropoda,Mollusca,,0,0,
319,Acar plicata,Acar,Arcidae,Arcoida,Bivalvia,Mollusca,,0,0,
318,Theora lubrica,Theora,Semelidae,Cardiida,Bivalvia,Mollusca,,0,0,
317,Teredo,Teredo,Teredinidae,Myida,Bivalvia,Mollusca,,0,0,
316,Mytilopsis sallei,Mytilopsis,Dreissenidae,Myida,Bivalvia,Mollusca,,0,0,
315,Geukensia demissa,Geukensia,Mytilidae,Mytiloida,Bivalvia,Mollusca,,0,0,
314,Ceratostoma,Ceratostoma,Muricidae,Neogastropoda,Gastropoda,Mollusca,,0,0,
313,Ruditapes philippinarum,Ruditapes,Veneridae,Venerida,Bivalvia,Mollusca,,0,0,
341,Chama macerophylla,Chama,Chamidae,Venerida,Bivalvia,Mollusca,,0,0,
312,Perna perna,Perna,Mytilidae,Mytiloida,Bivalvia,Mollusca,,0,0,
342,Crassostrea virginica,Crassostrea,Ostreidae,Ostreida,Bivalvia,Mollusca,,0,0,
344,Lasmigona subviridis,Lasmigona,Unionidae,Unionida,Bivalvia,Mollusca,,0,0,
371,Philine auriformis,Philine,Philinidae,Cephalaspidea,Gastropoda,Mollusca,,0,0,
370,Nassarius,Nassarius,Nassariidae,Neogastropoda,Gastropoda,Mollusca,,0,0,
369,Hermissenda crassicornis,Hermissenda,Glaucidae,Nudibranchia,Gastropoda,Mollusca,,0,0,
368,Gillia altilis,Gillia,Lithoglyphidae,Littorinimorpha,Gastropoda,Mollusca,,0,0,
367,Elimia virginica,Elimia,Pleuroceridae,,Gastropoda,Mollusca,,0,0,
366,Crepidula,Crepidula,Calyptraeidae,Littorinimorpha,Gastropoda,Mollusca,,0,0,
365,Cipangopaludina japonica,Cipangopaludina,Viviparidae,Architaenioglossa,Gastropoda,Mollusca,,0,0,
364,Cipangopaludina chinensis,Cipangopaludina,Viviparidae,Architaenioglossa,Gastropoda,Mollusca,,0,0,
363,Bithynia tentaculata,Bithynia,Bithyniidae,Littorinimorpha,Gastropoda,Mollusca,,0,0,
362,Potamothrix bavaricus,Potamothrix,Naididae,Haplotaxida,Clitellata,Annelida,,0,0,
361,Myosotella myosotis,Myosotella,Ellobiidae,Ellobiida,Gastropoda,Mollusca,,0,0,
360,Ocinebrellus inornatus,Ocinebrellus,Muricidae,Neogastropoda,Gastropoda,Mollusca,,0,0,
359,Busycotypus canaliculatus,Busycotypus,Melongenidae,Neogastropoda,Gastropoda,Mollusca,,0,0,
358,Boonea,Boonea,Pyramidellidae,,Gastropoda,Mollusca,,0,0,
357,Batillaria attramentaria,Batillaria,Batillariidae,,Gastropoda,Mollusca,,0,0,
356,Rapana venosa,Rapana,Muricidae,Neogastropoda,Gastropoda,Mollusca,,0,0,
355,Littorina saxatilis,Littorina,Littorinidae,Littorinimorpha,Gastropoda,Mollusca,,0,0,
354,Littorina littorea,Littorina,Littorinidae,Littorinimorpha,Gastropoda,Mollusca,,0,0,
353,Venerupis,Venerupis,Veneridae,Venerida,Bivalvia,Mollusca,,0,0,
352,Tridacna,Tridacna,Cardiidae,Cardiida,Bivalvia,Mollusca,,0,0,
351,Tapes,Tapes,Veneridae,Venerida,Bivalvia,Mollusca,,0,0,
350,Sphaerium corneum,Sphaerium,Sphaeriidae,Venerida,Bivalvia,Mollusca,,0,0,
349,Pisidium supinum,Pisidium,Sphaeriidae,Venerida,Bivalvia,Mollusca,,0,0,
348,Pisidium,Pisidium,Sphaeriidae,Venerida,Bivalvia,Mollusca,,0,0,
347,Pisidium henslowanum,Pisidium,Sphaeriidae,Venerida,Bivalvia,Mollusca,,0,0,
346,Pisidium amnicum,Pisidium,Sphaeriidae,Venerida,Bivalvia,Mollusca,,0,0,
690,Renibacterium salmoninarum,Renibacterium,Micrococcaceae,Micrococcales,Actinobacteria,Actinobacteria,,0,0,
343,Crassostrea ariakensis,Crassostrea,Ostreidae,Ostreida,Bivalvia,Mollusca,,0,0,
372,Physella acuta,Physella,Physidae,,Gastropoda,Mollusca,,0,0,
311,Janua pagenstecheri,Janua,Serpulidae,Sabellida,Polychaeta,Annelida,,0,0,
309,Clymenella torquata,Clymenella,Maldanidae,,Polychaeta,Annelida,,0,0,
276,Petrolisthes armatus,Petrolisthes,Porcellanidae,Decapoda,Malacostraca,Arthropoda,,0,0,
275,Cancer,Cancer,Cancridae,Decapoda,Malacostraca,Arthropoda,,0,0,
274,Scylla serrata,Scylla,Portunidae,Decapoda,Malacostraca,Arthropoda,,0,0,
273,Pachygrapsus fakaravensis,Pachygrapsus,Grapsidae,Decapoda,Malacostraca,Arthropoda,,0,0,
272,Callinectes bocourti,Callinectes,Portunidae,Decapoda,Malacostraca,Arthropoda,,0,0,
271,Carcinus maenas,Carcinus,Carcinidae,Decapoda,Malacostraca,Arthropoda,,0,0,
270,Hemigrapsus sanguineus,Hemigrapsus,Varunidae,Decapoda,Malacostraca,Arthropoda,,0,0,
269,Tachidius triangularis,Tachidius,Tachidiidae,Harpacticoida,Hexanauplia,Arthropoda,,0,0,
268,Skistodiaptomus pallidus,Skistodiaptomus,Diaptomidae,Calanoida,Hexanauplia,Arthropoda,,0,0,
267,Schizopera,Schizopera,Miraciidae,Harpacticoida,Hexanauplia,Arthropoda,,0,0,
266,Salmincola,Salmincola,Lernaeopodidae,Siphonostomatoida,Hexanauplia,Arthropoda,,0,0,
265,Pseudodiaptomus marinus,Pseudodiaptomus,Pseudodiaptomidae,Calanoida,Hexanauplia,Arthropoda,,0,0,
264,Oithona davisae,Oithona,Oithonidae,Cyclopoida,Hexanauplia,Arthropoda,,0,0,
263,Nitokra,Nitokra,Ameiridae,Harpacticoida,Hexanauplia,Arthropoda,,0,0,
262,Nitokra hibernica,Nitokra,Ameiridae,Harpacticoida,Hexanauplia,Arthropoda,,0,0,
261,Nippoleucon hinumensis,,,,,,,0,0,
260,Neoergasilus japonicus,Neoergasilus,Ergasilidae,Poecilostomatoida,Hexanauplia,Arthropoda,,0,0,
259,Megacyclops viridis,Megacyclops,Cyclopidae,Cyclopoida,Hexanauplia,Arthropoda,,0,0,
258,Heteropsyllus,Heteropsyllus,Canthocamptidae,Harpacticoida,Hexanauplia,Arthropoda,,0,0,
257,Eurytemora affinis,Eurytemora,Temoridae,Calanoida,Hexanauplia,Arthropoda,,0,0,
256,Daphnia lumholtzi,Daphnia,Daphniidae,Diplostraca,Branchiopoda,Arthropoda,,0,0,
255,Cyclops strenuus,Cyclops,Cyclopidae,Cyclopoida,Hexanauplia,Arthropoda,,0,0,
254,Argulus japonicus,Argulus,Argulidae,Arguloida,Ichthyostraca,Arthropoda,,0,0,
253,Pseudodiaptomus inopinus,Pseudodiaptomus,Pseudodiaptomidae,Calanoida,Hexanauplia,Arthropoda,,0,0,
252,Mytilicola orientalis,Mytilicola,Mytilicolidae,Cyclopoida,Hexanauplia,Arthropoda,,0,0,
251,Eubosmina maritima,Eubosmina,Bosminidae,Diplostraca,Branchiopoda,Arthropoda,,0,0,
250,Eubosmina coregoni,Eubosmina,Bosminidae,Diplostraca,Branchiopoda,Arthropoda,,0,0,
277,Sphaeroma quoianum,Sphaeroma,Sphaeromatidae,Isopoda,Malacostraca,Arthropoda,,0,0,
310,Sabellastarte spectabilis,Sabellastarte,Sabellidae,Sabellida,Polychaeta,Annelida,,0,0,
278,Sphaeroma terebrans,Sphaeroma,Sphaeromatidae,Isopoda,Malacostraca,Arthropoda,,0,0,
280,Sphaeroma walkeri,Sphaeroma,Sphaeromatidae,Isopoda,Malacostraca,Arthropoda,,0,0,
308,Pseudopolydora kempi,Pseudopolydora,Spionidae,Spionida,Polychaeta,Annelida,,0,0,
307,Hydroides dirampha,Hydroides,Serpulidae,Sabellida,Polychaeta,Annelida,,0,0,
306,Euchone,Euchone,Sabellidae,Sabellida,Polychaeta,Annelida,,0,0,
305,Boccardia proboscidea,Boccardia,Spionidae,Spionida,Polychaeta,Annelida,,0,0,
304,Tubificoides pseudogaster,Tubificoides,Naididae,Haplotaxida,Clitellata,Annelida,,0,0,
303,Pseudopolydora paucibranchiata,Pseudopolydora,Spionidae,Spionida,Polychaeta,Annelida,,0,0,
301,Alitta succinea,Alitta,Nereididae,Phyllodocida,Polychaeta,Annelida,,0,0,
300,Hydroides elegans,Hydroides,Serpulidae,Sabellida,Polychaeta,Annelida,,0,0,
299,Sphaeromyxa sevastopoli,Sphaeromyxa,Sphaeromyxidae,Bivalvulida,Myxozoa,Cnidaria,,0,0,
298,Heterosporis,Heterosporis,Pleistophoridae,,,Microsporidia,,0,0,
297,Glugea hertwigi,Glugea,Glugeidae,,,Microsporidia,,0,0,
296,Ophiactis savignyi,Ophiactis,Ophiactidae,Amphilepidida,Ophiuroidea,Echinodermata,,0,0,
295,Palaemon macrodactylus,Palaemon,Palaemonidae,Decapoda,Malacostraca,Arthropoda,,0,0,
294,Macrobrachium rosenbergii,Macrobrachium,Palaemonidae,Decapoda,Malacostraca,Arthropoda,,0,0,
293,Macrobrachium lar,Macrobrachium,Palaemonidae,Decapoda,Malacostraca,Arthropoda,,0,0,
292,Caprella penantis,Caprella,Caprellidae,Amphipoda,Malacostraca,Arthropoda,,0,0,
291,Penaeus monodon,Penaeus,Penaeidae,Decapoda,Malacostraca,Arthropoda,,0,0,
290,Macrobrachium olfersii,Macrobrachium,Palaemonidae,Decapoda,Malacostraca,Arthropoda,,0,0,
289,Litopenaeus vannamei,Penaeus,Penaeidae,Decapoda,Malacostraca,Arthropoda,,0,0,
288,Nebalia,Nebalia,Nebaliidae,Leptostraca,Malacostraca,Arthropoda,,0,0,
287,Hemimysis anomala,Hemimysis,Mysidae,Mysida,Malacostraca,Arthropoda,,0,0,
286,Eusarsiella,Eusarsiella,Sarsiellidae,Myodocopida,Ostracoda,Arthropoda,,0,0,
285,Paranthura,Paranthura,Paranthuridae,Isopoda,Malacostraca,Arthropoda,,0,0,
284,Joeropsis dubia,Joeropsis,Joeropsidae,Isopoda,Malacostraca,Arthropoda,,0,0,
283,Dynoides,Dynoides,Sphaeromatidae,Isopoda,Malacostraca,Arthropoda,,0,0,
282,Dynamenopsis,Dynamenopsis,Sphaeromatidae,Isopoda,Malacostraca,Arthropoda,,0,0,
281,Ligia exotica,Ligia,Ligiidae,Isopoda,Malacostraca,Arthropoda,,0,0,
279,Synidotea laevidorsalis,Synidotea,Idoteidae,Isopoda,Malacostraca,Arthropoda,,0,0,
373,Pomacea canaliculata,Pomacea,Ampullariidae,Architaenioglossa,Gastropoda,Mollusca,,0,0,
374,Radix auricularia,Radix,Lymnaeidae,,Gastropoda,Mollusca,,0,0,
375,Tarebia granifera,Tarebia,Thiaridae,,Gastropoda,Mollusca,,0,0,
658,Lucania parva,Lucania,Fundulidae,Cyprinodontiformes,Actinopteri,Chordata,,0,0,
656,Limia vittata,Limia,Poeciliidae,Cyprinodontiformes,Actinopteri,Chordata,,0,0,
655,Leuciscus idus,Leuciscus,Leuciscidae,Cypriniformes,Actinopteri,Chordata,,0,0,
654,Lepomis microlophus,Lepomis,Centrarchidae,Centrarchiformes,Actinopteri,Chordata,,0,0,
653,Lepomis humilis,Lepomis,Centrarchidae,Centrarchiformes,Actinopteri,Chordata,,0,0,
652,Ictalurus punctatus,Ictalurus,Ictaluridae,Siluriformes,Actinopteri,Chordata,,0,0,
651,Hypomesus nipponensis,Hypomesus,Osmeridae,Osmeriformes,Actinopteri,Chordata,,0,0,
650,Hoplosternum littorale,Hoplosternum,Callichthyidae,Siluriformes,Actinopteri,Chordata,,0,0,
649,Heros severus,Heros,Cichlidae,Cichliformes,Actinopteri,Chordata,,0,0,
648,Hemichromis letourneuxi,Hemichromis,Cichlidae,Cichliformes,Actinopteri,Chordata,,0,0,
647,Fundulus diaphanus,Fundulus,Fundulidae,Cyprinodontiformes,Actinopteri,Chordata,,0,0,
646,Esox niger,Esox,Esocidae,Esociformes,Actinopteri,Chordata,,0,0,
645,Esox lucius,Esox,Esocidae,Esociformes,Actinopteri,Chordata,,0,0,
644,Enneacanthus gloriosus,Enneacanthus,Centrarchidae,Centrarchiformes,Actinopteri,Chordata,,0,0,
643,Clarias batrachus,Clarias,Clariidae,Siluriformes,Actinopteri,Chordata,,0,0,
642,Cittarium pica,Cittarium,Tegulidae,Trochida,Gastropoda,Mollusca,,0,0,
641,Cichlasoma bimaculatum,Cichlasoma,Cichlidae,Cichliformes,Actinopteri,Chordata,,0,0,
640,Cichla ocellaris,Cichla,Cichlidae,Cichliformes,Actinopteri,Chordata,,0,0,
639,Balistes polylepis,Balistes,Balistidae,Tetraodontiformes,Actinopteri,Chordata,,0,0,
638,Astronotus ocellatus,Astronotus,Cichlidae,Cichliformes,Actinopteri,Chordata,,0,0,
637,Archoplites interruptus,Archoplites,Centrarchidae,Centrarchiformes,Actinopteri,Chordata,,0,0,
636,Apeltes quadracus,Apeltes,Gasterosteidae,Perciformes,Actinopteri,Chordata,,0,0,
635,Anchoa lyolepis,Anchoa,Engraulidae,Clupeiformes,Actinopteri,Chordata,,0,0,
634,Ameiurus catus,Ameiurus,Ictaluridae,Siluriformes,Actinopteri,Chordata,,0,0,
633,Alosa pseudoharengus,Alosa,Clupeidae,Clupeiformes,Actinopteri,Chordata,,0,0,
632,Alosa aestivalis,Alosa,Clupeidae,Clupeiformes,Actinopteri,Chordata,,0,0,
631,Acanthurus maculiceps,Acanthurus,Acanthuridae,Acanthuriformes,Actinopteri,Chordata,,0,0,
659,Misgurnus anguillicaudatus,Misgurnus,Cobitidae,Cypriniformes,Actinopteri,Chordata,,0,0,
630,Zebrasoma velifer,Zebrasoma,Acanthuridae,Acanthuriformes,Actinopteri,Chordata,,0,0,
660,Morone americana,Morone,Moronidae,,Actinopteri,Chordata,,0,0,
662,Notropis buchanani,Notropis,Leuciscidae,Cypriniformes,Actinopteri,Chordata,,0,0,
689,Ranavirus sp.,Ranavirus,Iridoviridae,Pimascovirales,Megaviricetes,Nucleocytoviricota,,0,0,
688,Piscirickettsia salmonis,Piscirickettsia,Piscirickettsiaceae,Thiotrichales,Gammaproteobacteria,Proteobacteria,,0,0,
687,Novirhabdovirus sp.,,,,,,,0,0,
686,Aeromonas salmonicida,Aeromonas,Aeromonadaceae,Aeromonadales,Gammaproteobacteria,Proteobacteria,,0,0,
685,WSBV,,,,,,,0,0,
684,Penaeus monodon-type Baculovirus,,,,,,,0,0,
683,Sander lucioperca,Sander,Percidae,Perciformes,Actinopteri,Chordata,,0,0,
682,Salmo trutta x Salvelinus fontinalis,,Salmonidae,Salmoniformes,Actinopteri,Chordata,,0,0,
681,Pygocentrus nattereri,Pygocentrus,Serrasalmidae,Characiformes,Actinopteri,Chordata,,0,0,
680,Proterorhinus semilunaris,Proterorhinus,Gobiidae,Gobiiformes,Actinopteri,Chordata,,0,0,
679,Poecilia vivipara,Poecilia,Poeciliidae,Cyprinodontiformes,Actinopteri,Chordata,,0,0,
678,Poecilia latipinna,Poecilia,Poeciliidae,Cyprinodontiformes,Actinopteri,Chordata,,0,0,
677,Plecoglossus altivelis,Plecoglossus,Plecoglossidae,Osmeriformes,Actinopteri,Chordata,,0,0,
676,Piaractus brachypomus,Piaractus,Serrasalmidae,Characiformes,Actinopteri,Chordata,,0,0,
675,Phenacobius mirabilis,Phenacobius,Leuciscidae,Cypriniformes,Actinopteri,Chordata,,0,0,
674,Petromyzon marinus,Petromyzon,Petromyzontidae,Petromyzontiformes,Hyperoartia,Chordata,,0,0,
673,Parachromis managuensis,Parachromis,Cichlidae,Cichliformes,Actinopteri,Chordata,,0,0,
672,Oxydoras niger,Oxydoras,Doradidae,Siluriformes,Actinopteri,Chordata,,0,0,
671,Osteoglossum bicirrhosum,Osteoglossum,Osteoglossidae,Osteoglossiformes,Actinopteri,Chordata,,0,0,
670,Orthodon microlepidotus,Orthodon,Leuciscidae,Cypriniformes,Actinopteri,Chordata,,0,0,
669,Oreochromis niloticus,Oreochromis,Cichlidae,Cichliformes,Actinopteri,Chordata,,0,0,
668,Oreochromis macrochir,Oreochromis,Cichlidae,Cichliformes,Actinopteri,Chordata,,0,0,
667,Oncorhynchus tshawytscha,Oncorhynchus,Salmonidae,Salmoniformes,Actinopteri,Chordata,,0,0,
666,Oncorhynchus nerka,Oncorhynchus,Salmonidae,Salmoniformes,Actinopteri,Chordata,,0,0,
665,Oncorhynchus mykiss irideus,Oncorhynchus,Salmonidae,Salmoniformes,Actinopteri,Chordata,,0,0,
664,Oncorhynchus kisutch,Oncorhynchus,Salmonidae,Salmoniformes,Actinopteri,Chordata,,0,0,
663,Noturus insignis,Noturus,Ictaluridae,Siluriformes,Actinopteri,Chordata,,0,0,
661,Mylocheilus caurinus,Mylocheilus,Leuciscidae,Cypriniformes,Actinopteri,Chordata,,0,0,
629,Lutjanus fulvus,Lutjanus,Lutjanidae,Lutjaniformes,Actinopteri,Chordata,,0,0,
628,Gonodactylaceus falcatus,Gonodactylaceus,Gonodactylidae,Stomatopoda,Malacostraca,Arthropoda,,0,0,
627,Tridentiger trigonocephalus,Tridentiger,Gobiidae,Gobiiformes,Actinopteri,Chordata,,0,0,
594,Trypanosoma,Trypanosoma,Trypanosomatidae,Trypanosomatida,Kinetoplastea,Euglenozoa,,0,0,
593,Psammonobiotus linearis,,,,,,,0,0,
592,Psammonobiotus dziwnowi,,,,,,,0,0,
591,Psammonobiotus communis,,,,,,,0,0,
590,Corythionella,Corythionella,Cyphoderiidae,Euglyphida,,Imbricatea,,0,0,
589,,,,,,,,0,0,
588,Trochammina hadai,Trochammina,Trochamminidae,Textulariida,,Foraminifera,,0,0,
587,Timoniella,Timoniella,Cryptogonimidae,Opisthorchiida,Trematoda,Platyhelminthes,,0,0,
586,Scolex pleuronectis,Scolex,,Tetraphyllidea,Cestoda,Platyhelminthes,,0,0,
585,Neascus,Neascus,Diplostomidae,Diplostomida,Trematoda,Platyhelminthes,,0,0,
584,Ichthyocotylurus pileatus,Ichthyocotylurus,Strigeidae,Diplostomida,Trematoda,Platyhelminthes,,0,0,
583,,,,,,,,0,0,
582,Dactylogyrus hemiamphibothrium,Dactylogyrus,Dactylogyridae,Dactylogyridea,Monogenea,Platyhelminthes,,0,0,
581,Dactylogyrus amphibothrium,Dactylogyrus,Dactylogyridae,Dactylogyridea,Monogenea,Platyhelminthes,,0,0,
580,Bothriocephalus,Bothriocephalus,Bothriocephalidae,Bothriocephalidea,Cestoda,Platyhelminthes,,0,0,
479,Lomentaria hakodatensis,Lomentaria,Lomentariaceae,Rhodymeniales,Florideophyceae,Rhodophyta,,0,0,
457,Halymenia durvillei,Halymenia,Halymeniaceae,Halymeniales,Florideophyceae,Rhodophyta,,0,0,
385,Anguillicola crassus,Anguillicola,Anguillicolidae,Rhabditida,Chromadorea,Nematoda,,0,0,
384,,,,,,,,0,0,
383,Glossodoris,Glossodoris,Chromodorididae,Nudibranchia,Gastropoda,Mollusca,,0,0,
382,Eubranchus rupium,Eubranchus,Eubranchidae,Nudibranchia,Gastropoda,Mollusca,,0,0,
381,Eubranchus,Eubranchus,Eubranchidae,Nudibranchia,Gastropoda,Mollusca,,0,0,
380,Dendronotus frondosus,Dendronotus,Dendronotidae,Nudibranchia,Gastropoda,Mollusca,,0,0,
379,Cumanotus,Cumanotus,Cumanotidae,Nudibranchia,Gastropoda,Mollusca,,0,0,
378,Cuthona,Cuthona,Cuthonidae,Nudibranchia,Gastropoda,Mollusca,,0,0,
377,Viviparus,Viviparus,Viviparidae,Architaenioglossa,Gastropoda,Mollusca,,0,0,
376,Valvata piscinalis,Valvata,Valvatidae,,Gastropoda,Mollusca,,0,0,
595,Varanus indicus,Varanus,Varanidae,Squamata,Lepidosauria,Chordata,,0,0,
596,Caiman crocodilus,Caiman,Alligatoridae,Crocodylia,,Chordata,,0,0,
597,Cliona,Cliona,Clionaidae,Clionaida,Demospongiae,Porifera,,0,0,
598,Gelliodes,Gelliodes,Niphatidae,Haplosclerida,Demospongiae,Porifera,,0,0,
626,Oreochromis aureus,Oreochromis,Cichlidae,Cichliformes,Actinopteri,Chordata,,0,0,
625,Lutjanus kasmira,Lutjanus,Lutjanidae,Lutjaniformes,Actinopteri,Chordata,,0,0,
624,Cephalopholis argus,Cephalopholis,Serranidae,Perciformes,Actinopteri,Chordata,,0,0,
623,Acanthogobius flavimanus,Acanthogobius,Gobiidae,Gobiiformes,Actinopteri,Chordata,,0,0,
622,Tilapia,Tilapia,Cichlidae,Cichliformes,Actinopteri,Chordata,,0,0,
621,Sarotherodon melanotheron,Sarotherodon,Cichlidae,Cichliformes,Actinopteri,Chordata,,0,0,
620,Symplegma brakenhielmi,Symplegma,Styelidae,Stolidobranchia,Ascidiacea,Chordata,,0,0,
619,Styela canopus,Styela,Styelidae,Stolidobranchia,Ascidiacea,Chordata,,0,0,
618,Microcosmus squamiger,Microcosmus,Pyuridae,Stolidobranchia,Ascidiacea,Chordata,,0,0,
617,Corella willmeriana,Corella,Corellidae,Phlebobranchia,Ascidiacea,Chordata,,0,0,
616,Corella inflata,Corella,Corellidae,Phlebobranchia,Ascidiacea,Chordata,,0,0,
615,Botryllus,Botryllus,Styelidae,Stolidobranchia,Ascidiacea,Chordata,,0,0,
614,Botrylloides,Botrylloides,Styelidae,Stolidobranchia,Ascidiacea,Chordata,,0,0,
249,Daphnia galeata galeata,Daphnia,Daphniidae,Diplostraca,Branchiopoda,Arthropoda,,0,0,
613,Botrylloides diegensis,Botrylloides,Styelidae,Stolidobranchia,Ascidiacea,Chordata,,0,0,
611,Didemnum candidum,Didemnum,Didemnidae,Aplousobranchia,Ascidiacea,Chordata,,0,0,
610,Ascidia sydneiensis,Ascidia,Ascidiidae,Phlebobranchia,Ascidiacea,Chordata,,0,0,
609,Polyandrocarpa zorritensis,Polyandrocarpa,Styelidae,Stolidobranchia,Ascidiacea,Chordata,,0,0,
608,Didemnum,Didemnum,Didemnidae,Aplousobranchia,Ascidiacea,Chordata,,0,0,
607,Milnesium tardigradum,Milnesium,Milnesiidae,Apochela,Eutardigrada,Tardigrada,,0,0,
606,Macrobiotus hufelandi,Macrobiotus,Macrobiotidae,Parachela,Eutardigrada,Tardigrada,,0,0,
605,Prosuberites,Prosuberites,Suberitidae,Suberitida,Demospongiae,Porifera,,0,0,
604,Haliclona,Haliclona,Chalinidae,Haplosclerida,Demospongiae,Porifera,,0,0,
603,Cliona celata,Cliona,Clionaidae,Clionaida,Demospongiae,Porifera,,0,0,
602,Suberites,Suberites,Suberitidae,Suberitida,Demospongiae,Porifera,,0,0,
601,Sigmadocia caerulea,Haliclona,Chalinidae,Haplosclerida,Demospongiae,Porifera,,0,0,
600,Mycale parishii,Mycale,Mycalidae,Poecilosclerida,Demospongiae,Porifera,,0,0,
599,Mycale,Mycale,Mycalidae,Poecilosclerida,Demospongiae,Porifera,,0,0,
612,Phallusia nigra,Phallusia,Ascidiidae,Phlebobranchia,Ascidiacea,Chordata,,0,0,
248,Megabalanus coccopoma,Megabalanus,Balanidae,Sessilia,Hexanauplia,Arthropoda,,0,0,
691,Rhabdovirus carpio,Sprivivirus,Rhabdoviridae,Mononegavirales,Monjiviricetes,Negarnaviricota,,0,0,
246,Balanus crenatus,Balanus,Balanidae,Sessilia,Hexanauplia,Arthropoda,,0,0,
17,Rhithropanopeus harrisii,Rhithropanopeus,Panopeidae,Decapoda,Malacostraca,Arthropoda,,0,0,
18,,,,,,,,0,0,
19,Procambarus clarkii,Procambarus,Cambaridae,Decapoda,Malacostraca,Arthropoda,,0,0,
20,Homarus americanus,Homarus,Nephropidae,Decapoda,Malacostraca,Arthropoda,,0,0,
21,Crepidula fornicata,Crepidula,Calyptraeidae,Littorinimorpha,Gastropoda,Mollusca,,0,0,
22,Mytilopsis leucophaeata,Mytilopsis,Dreissenidae,Myida,Bivalvia,Mollusca,,0,0,
23,Dreissena polymorpha,Dreissena,Dreissenidae,Myida,Bivalvia,Mollusca,,0,0,
24,Crassostrea gigas,Crassostrea,Ostreidae,Ostreida,Bivalvia,Mollusca,,0,0,
25,Petricolaria pholadiformis,Petricolaria,Petricolidae,Venerida,Bivalvia,Mollusca,,0,0,
26,Corbicula fluminea,Corbicula,Corbiculidae,Venerida,Bivalvia,Mollusca,,0,0,
27,Dreissena rostriformis bugensis,Dreissena,Dreissenidae,Myida,Bivalvia,Mollusca,,0,0,
28,Melanoides tuberculata,Melanoides,Thiaridae,,Gastropoda,Mollusca,,0,0,
29,Potamopyrgus antipodarum,Potamopyrgus,Tateidae,Littorinimorpha,Gastropoda,Mollusca,,0,0,
38,Ciona intestinalis,Ciona,Cionidae,Phlebobranchia,Ascidiacea,Chordata,,0,0,
39,Didemnum vexillum,Didemnum,Didemnidae,Aplousobranchia,Ascidiacea,Chordata,,0,0,
40,Styela clava,Styela,Styelidae,Stolidobranchia,Ascidiacea,Chordata,,0,0,
41,Molgula manhattensis,Molgula,Molgulidae,Stolidobranchia,Ascidiacea,Chordata,,0,0,
42,Ascidiella aspersa,Ascidiella,Ascidiidae,Phlebobranchia,Ascidiacea,Chordata,,0,0,
43,Styela plicata,Styela,Styelidae,Stolidobranchia,Ascidiacea,Chordata,,0,0,
44,Ciona savignyi,Ciona,Cionidae,Phlebobranchia,Ascidiacea,Chordata,,0,0,
45,Diplosoma listerianum,Diplosoma,Didemnidae,Aplousobranchia,Ascidiacea,Chordata,,0,0,
46,Alosa sapidissima,Alosa,Clupeidae,Clupeiformes,Actinopteri,Chordata,,0,0,
47,Cichlasoma,Cichlasoma,Cichlidae,Cichliformes,Actinopteri,Chordata,,0,0,
16,Cercopagis pengoi,Cercopagis,Cercopagididae,Diplostraca,Branchiopoda,Arthropoda,,0,0,
15,Bythotrephes longimanus,Bythotrephes,Cercopagididae,Diplostraca,Branchiopoda,Arthropoda,,0,0,
14,Amphibalanus improvisus,Amphibalanus,Balanidae,Sessilia,Hexanauplia,Arthropoda,,0,0,
13,Caprella mutica,Caprella,Caprellidae,Amphipoda,Malacostraca,Arthropoda,,0,0,
135,Skeletonema subsalsum,Skeletonema,Skeletonemataceae,Thalassiosirales,Coscinodiscophyceae,Bacillariophyta,,0,0,
134,Skeletonema potamos,Skeletonema,Skeletonemataceae,Thalassiosirales,Coscinodiscophyceae,Bacillariophyta,,0,0,
133,Pleurosira laevis,Pleurosira,Triceratiaceae,Triceratiales,Mediophyceae,Bacillariophyta,,0,0,
6,Teredo navalis,Teredo,Teredinidae,Myida,Bivalvia,Mollusca,,0,0,
131,Hymenomonas,Hymenomonas,Hymenomonadaceae,Coccolithales,Haptophyta,Haptista,,0,0,
7,Marenzelleria viridis,Marenzelleria,Spionidae,Spionida,Polychaeta,Annelida,,0,0,
9,Bugula neritina,Bugula,Bugulidae,Cheilostomatida,Gymnolaemata,Bryozoa,,0,0,
127,Didymosphenia geminata,Didymosphenia,Gomphonemataceae,Cymbellales,Bacillariophyceae,Bacillariophyta,,0,0,
126,Diatoma,Diatoma,Fragilariaceae,Fragilariales,Fragilariophyceae,Bacillariophyta,,0,0,
10,Cordylophora caspia,Cordylophora,Oceaniidae,Anthoathecata,Hydrozoa,Cnidaria,,0,0,
124,Cyclotella,Cyclotella,Stephanodiscaceae,Thalassiosirales,Coscinodiscophyceae,Bacillariophyta,,0,0,
48,Morone saxatilis,Morone,Moronidae,,Actinopteri,Chordata,,0,0,
123,Cyclotella pseudostelligera,Cyclotella,Stephanodiscaceae,Thalassiosirales,Coscinodiscophyceae,Bacillariophyta,,0,0,
121,Cyclotella atomus,Cyclotella,Stephanodiscaceae,Thalassiosirales,Coscinodiscophyceae,Bacillariophyta,,0,0,
120,Chroodactylon,Chroodactylon,Porphyridiaceae,Porphyridiales,Bangiophyceae,Rhodophyta,,0,0,
119,Chaetoceros muellerii,Chaetoceros,Chaetocerotaceae,Chaetocerotales,Coscinodiscophyceae,Bacillariophyta,,0,0,
11,Ectopleura crocea,Ectopleura,Tubulariidae,Anthoathecata,Hydrozoa,Cnidaria,,0,0,
117,Caulacanthus ustulatus,Caulacanthus,Caulacanthaceae,Gigartinales,Florideophyceae,Rhodophyta,,0,0,
116,Bangia atropurpurea,Bangia,Bangiaceae,Bangiales,Bangiophyceae,Rhodophyta,,0,0,
115,Aureoumbra lagunensis,Aureoumbra,,Pelagomonadales,Pelagophyceae,,,0,0,
114,Aureococcus anophagefferens,Aureococcus,,Pelagomonadales,Pelagophyceae,,,0,0,
113,,,,,,,,0,0,
112,Polysiphonia,Polysiphonia,Rhodomelaceae,Ceramiales,Florideophyceae,Rhodophyta,,0,0,
12,Mysis diluviana,Mysis,Mysidae,Mysida,Malacostraca,Arthropoda,,0,0,
122,Cyclotella cryptica,Cyclotella,Stephanodiscaceae,Thalassiosirales,Coscinodiscophyceae,Bacillariophyta,,0,0,
49,Osmerus mordax,Osmerus,Osmeridae,Osmeriformes,Actinopteri,Chordata,,0,0,
50,Salmo salar,Salmo,Salmonidae,Salmoniformes,Actinopteri,Chordata,,0,0,
51,Pterois volitans,Pterois,Scorpaenidae,Perciformes,Actinopteri,Chordata,,0,0,
81,Mya arenaria,Mya,Myidae,Myida,Bivalvia,Mollusca,,0,0,
82,Asparagopsis armata,Asparagopsis,Bonnemaisoniaceae,Bonnemaisoniales,Florideophyceae,Rhodophyta,,0,0,
83,Oreochromis mossambicus,Oreochromis,Cichlidae,Cichliformes,Actinopteri,Chordata,,0,0,
84,Charybdis hellerii,Charybdis,Portunidae,Decapoda,Malacostraca,Arthropoda,,0,0,
85,Rangia cuneata,Rangia,Mactridae,Venerida,Bivalvia,Mollusca,,0,0,
86,Belonesox belizanus,Belonesox,Poeciliidae,Cyprinodontiformes,Actinopteri,Chordata,,0,0,
87,Dorosoma petenense,Dorosoma,Clupeidae,Clupeiformes,Actinopteri,Chordata,,0,0,
88,Eriocheir sinensis,Eriocheir,Varunidae,Decapoda,Malacostraca,Arthropoda,,0,0,
89,Monopterus albus,Monopterus,Synbranchidae,Synbranchiformes,Actinopteri,Chordata,,0,0,
90,Lepomis macrochirus,Lepomis,Centrarchidae,Centrarchiformes,Actinopteri,Chordata,,0,0,
91,Acanthophora spicifera,Acanthophora,Rhodomelaceae,Ceramiales,Florideophyceae,Rhodophyta,,0,0,
80,Botrylloides violaceus,Botrylloides,Styelidae,Stolidobranchia,Ascidiacea,Chordata,,0,0,
93,Alepes djedaba,Alepes,Carangidae,Carangiformes,Actinopteri,Chordata,,0,0,
99,Grateloupia filicina,Grateloupia,Halymeniaceae,Halymeniales,Florideophyceae,Rhodophyta,,0,0,
100,Hypnea musciformis,Hypnea,Hypneaceae,Gigartinales,Florideophyceae,Rhodophyta,,0,0,
101,Kappaphycus alvarezii,Kappaphycus,Solieriaceae,Gigartinales,Florideophyceae,Rhodophyta,,0,0,
102,Neosiphonia,Neosiphonia,Rhodomelaceae,Ceramiales,Florideophyceae,Rhodophyta,,0,0,
104,Antithamnion nipponicum,Antithamnion,Ceramiaceae,Ceramiales,Florideophyceae,Rhodophyta,,0,0,
105,Asparagopsis taxiformis,Asparagopsis,Bonnemaisoniaceae,Bonnemaisoniales,Florideophyceae,Rhodophyta,,0,0,
106,Gymnodinium catenatum,Gymnodinium,Gymnodiniaceae,Gymnodiniales,Dinophyceae,,,0,0,
107,Antithamnionella spirographidis,Antithamnionella,Ceramiaceae,Ceramiales,Florideophyceae,Rhodophyta,,0,0,
109,Gracilaria tikvahiae,Gracilaria,Gracilariaceae,Gracilariales,Florideophyceae,Rhodophyta,,0,0,
247,Balanus glandula,Balanus,Balanidae,Sessilia,Hexanauplia,Arthropoda,,0,0,
110,Grateloupia turuturu,Grateloupia,Halymeniaceae,Halymeniales,Florideophyceae,Rhodophyta,,0,0,
98,Gracilaria salicornia,Gracilaria,Gracilariaceae,Gracilariales,Florideophyceae,Rhodophyta,,0,0,
5,Ficopomatus enigmaticus,Ficopomatus,Serpulidae,Sabellida,Polychaeta,Annelida,,0,0,
79,Botryllus schlosseri,Botryllus,Styelidae,Stolidobranchia,Ascidiacea,Chordata,,0,0,
76,Alexandrium tamarense,Alexandrium,Gonyaulacaceae,Gonyaulacales,Dinophyceae,,,0,0,
52,Ameiurus melas,Ameiurus,Ictaluridae,Siluriformes,Actinopteri,Chordata,,0,0,
53,Ameiurus nebulosus,Ameiurus,Ictaluridae,Siluriformes,Actinopteri,Chordata,,0,0,
54,Anguilla rostrata,Anguilla,Anguillidae,Anguilliformes,Actinopteri,Chordata,,0,0,
55,Carassius auratus,Carassius,Cyprinidae,Cypriniformes,Actinopteri,Chordata,,0,0,
56,Ctenopharyngodon idella,Ctenopharyngodon,Xenocyprididae,Cypriniformes,Actinopteri,Chordata,,0,0,
57,Cyprinus carpio,Cyprinus,Cyprinidae,Cypriniformes,Actinopteri,Chordata,,0,0,
58,Gambusia affinis,Gambusia,Poeciliidae,Cyprinodontiformes,Actinopteri,Chordata,,0,0,
59,Gambusia holbrooki,Gambusia,Poeciliidae,Cyprinodontiformes,Actinopteri,Chordata,,0,0,
60,Gasterosteus aculeatus,Gasterosteus,Gasterosteidae,Perciformes,Actinopteri,Chordata,,0,0,
61,Gymnocephalus cernua,Gymnocephalus,Percidae,Perciformes,Actinopteri,Chordata,,0,0,
62,Hypophthalmichthys nobilis,Hypophthalmichthys,Xenocyprididae,Cypriniformes,Actinopteri,Chordata,,0,0,
77,Corbula,Corbula,Corbulidae,Myida,Bivalvia,Mollusca,,0,0,
63,Lepisosteus platostomus,Lepisosteus,Lepisosteidae,Semionotiformes,Actinopteri,Chordata,,0,0,
65,Oncorhynchus gorbuscha,Oncorhynchus,Salmonidae,Salmoniformes,Actinopteri,Chordata,,0,0,
66,Oncorhynchus mykiss,Oncorhynchus,Salmonidae,Salmoniformes,Actinopteri,Chordata,,0,0,
67,Platichthys flesus,Platichthys,Pleuronectidae,Pleuronectiformes,Actinopteri,Chordata,,0,0,
68,Salmo trutta,Salmo,Salmonidae,Salmoniformes,Actinopteri,Chordata,,0,0,
69,Salvelinus alpinus,Salvelinus,Salmonidae,Salmoniformes,Actinopteri,Chordata,,0,0,
70,Salvelinus fontinalis,Salvelinus,Salmonidae,Salmoniformes,Actinopteri,Chordata,,0,0,
71,Scardinius erythrophthalmus,Scardinius,Leuciscidae,Cypriniformes,Actinopteri,Chordata,,0,0,
72,Tinca tinca,Tinca,Tincidae,Cypriniformes,Actinopteri,Chordata,,0,0,
73,Danio rerio,Danio,Danionidae,Cypriniformes,Actinopteri,Chordata,,0,0,
74,Mylopharyngodon piceus,Mylopharyngodon,Xenocyprididae,Cypriniformes,Actinopteri,Chordata,,0,0,
75,Alexandrium ostenfeldii,Alexandrium,Gonyaulacaceae,Gonyaulacales,Dinophyceae,,,0,0,
64,Neogobius melanostomus,Neogobius,Gobiidae,Gobiiformes,Actinopteri,Chordata,,0,0,
137,Stephanodiscus binderanus,Stephanodiscus,Stephanodiscaceae,Thalassiosirales,Coscinodiscophyceae,Bacillariophyta,,0,0,
8,Membranipora membranacea,Membranipora,Membraniporidae,Cheilostomatida,Gymnolaemata,Bryozoa,,0,0,
139,Thalassiosira baltica,Thalassiosira,Thalassiosiraceae,Thalassiosirales,Coscinodiscophyceae,Bacillariophyta,,0,0,
217,Sertularella diaphana,Sertularella,Sertulariidae,Leptothecata,Hydrozoa,Cnidaria,,0,0,
216,Sarsia tubulosa,Sarsia,Corynidae,Anthoathecata,Hydrozoa,Cnidaria,,0,0,
215,Plumularia strictocarpa,Plumularia,Plumulariidae,Leptothecata,Hydrozoa,Cnidaria,,0,0,
214,Obelia,Obelia,Obeliidae,Leptothecata,Hydrozoa,Cnidaria,,0,0,
213,Obelia longissima,Obelia,Obeliidae,Leptothecata,Hydrozoa,Cnidaria,,0,0,
212,Obelia dichotoma,Obelia,Obeliidae,Leptothecata,Hydrozoa,Cnidaria,,0,0,
211,Laomedea,Laomedea,Obeliidae,Leptothecata,Hydrozoa,Cnidaria,,0,0,
210,Gonothyraea,Gonothyraea,Campanulariidae,Leptothecata,Hydrozoa,Cnidaria,,0,0,
209,Eudendrium,Eudendrium,Eudendriidae,Anthoathecata,Hydrozoa,Cnidaria,,0,0,
208,Dynamena crisioides,Dynamena,Sertulariidae,Leptothecata,Hydrozoa,Cnidaria,,0,0,
207,Clytia hemisphaerica,Clytia,Clytiidae,Leptothecata,Hydrozoa,Cnidaria,,0,0,
218,Thyroscyphus fruticosus,Thyroscyphus,Sertulariidae,Leptothecata,Hydrozoa,Cnidaria,,0,0,
206,Campanulariidae,,Campanulariidae,Leptothecata,Hydrozoa,Cnidaria,,0,0,
204,Gonionemus vertens,Gonionemus,Olindiidae,Limnomedusae,Hydrozoa,Cnidaria,,0,0,
203,Moerisia lyonsi,Moerisia,Moerisiidae,Anthoathecata,Hydrozoa,Cnidaria,,0,0,
202,Maeotias marginata,Maeotias,Olindiidae,Limnomedusae,Hydrozoa,Cnidaria,,0,0,
201,Garveia,Garveia,Bougainvilliidae,Anthoathecata,Hydrozoa,Cnidaria,,0,0,
200,Diadumene leucolena,Diadumene,Diadumenidae,Actiniaria,Anthozoa,Cnidaria,,0,0,
138,Stephanodiscus,Stephanodiscus,Stephanodiscaceae,Thalassiosirales,Coscinodiscophyceae,Bacillariophyta,,0,0,
198,Bunodeopsis,Bunodeopsis,Boloceroididae,Actiniaria,Anthozoa,Cnidaria,,0,0,
197,Tubastraea coccinea,Tubastraea,Dendrophylliidae,Scleractinia,Anthozoa,Cnidaria,,0,0,
196,Diadumene lineata,Diadumene,Diadumenidae,Actiniaria,Anthozoa,Cnidaria,,0,0,
195,Carijoa riisei,Carijoa,Clavulariidae,Alcyonacea,Anthozoa,Cnidaria,,0,0,
194,Myxobolus cerebralis,Myxobolus,Myxobolidae,Bivalvulida,Myxozoa,Cnidaria,,0,0,
205,Pennaria disticha,Pennaria,Pennariidae,Anthoathecata,Hydrozoa,Cnidaria,,0,0,
1,Heterosiphonia,Heterosiphonia,Dasyaceae,Ceramiales,Florideophyceae,Rhodophyta,,0,0,
219,Tubularia,Tubularia,Tubulariidae,Anthoathecata,Hydrozoa,Cnidaria,,0,0,
221,Phyllorhiza punctata,Phyllorhiza,Mastigiidae,Rhizostomeae,Scyphozoa,Cnidaria,,0,0,
245,Chthamalus proteus,Chthamalus,Chthamalidae,Sessilia,Hexanauplia,Arthropoda,,0,0,
244,Balanus,Balanus,Balanidae,Sessilia,Hexanauplia,Arthropoda,,0,0,
243,Balanus trigonus,Balanus,Balanidae,Sessilia,Hexanauplia,Arthropoda,,0,0,
242,Stenothoe,Stenothoe,Stenothoidae,Amphipoda,Malacostraca,Arthropoda,,0,0,
241,Parapleustes,Parapleustes,Pleustidae,Amphipoda,Malacostraca,Arthropoda,,0,0,
240,Microjassa,Microjassa,Ischyroceridae,Amphipoda,Malacostraca,Arthropoda,,0,0,
239,Gammarus tigrinus,Gammarus,Gammaridae,Amphipoda,Malacostraca,Arthropoda,,0,0,
238,Ericthonius brasiliensis,Ericthonius,Ischyroceridae,Amphipoda,Malacostraca,Arthropoda,,0,0,
237,Echinogammarus ischnus,Echinogammarus,Gammaridae,Amphipoda,Malacostraca,Arthropoda,,0,0,
236,Corophium,Corophium,Corophiidae,Amphipoda,Malacostraca,Arthropoda,,0,0,
235,Bemlos virgus,,,,,,,0,0,
220,Turritopsis nutricula,Turritopsis,Oceaniidae,Anthoathecata,Hydrozoa,Cnidaria,,0,0,
234,Ampithoe valida,Ampithoe,Ampithoidae,Amphipoda,Malacostraca,Arthropoda,,0,0,
232,Gammarus daiberi,Gammarus,Gammaridae,Amphipoda,Malacostraca,Arthropoda,,0,0,
231,Monocorophium insidiosum,Monocorophium,Corophiidae,Amphipoda,Malacostraca,Arthropoda,,0,0,
230,Monocorophium acherusicum,Monocorophium,Corophiidae,Amphipoda,Malacostraca,Arthropoda,,0,0,
229,Laticorophium baconi,,,,,,,0,0,
228,Grandidierella japonica,Grandidierella,Corophiidae,Amphipoda,Malacostraca,Arthropoda,,0,0,
227,Jassa marmorata,Jassa,Ischyroceridae,Amphipoda,Malacostraca,Arthropoda,,0,0,
226,Craspedacusta sowerbii,Craspedacusta,Olindiidae,Limnomedusae,Hydrozoa,Cnidaria,,0,0,
225,Aurelia aurita,Aurelia,Ulmaridae,Semaeostomeae,Scyphozoa,Cnidaria,,0,0,
224,Cassiopea andromeda,Cassiopea,Cassiopeidae,Rhizostomeae,Scyphozoa,Cnidaria,,0,0,
223,Maeotias,Maeotias,Olindiidae,Limnomedusae,Hydrozoa,Cnidaria,,0,0,
222,Drymonema dalmatinum,Drymonema,Drymonematidae,Semaeostomeae,Scyphozoa,Cnidaria,,0,0,
233,Ampelisca abdita,Ampelisca,Ampeliscidae,Amphipoda,Malacostraca,Arthropoda,,0,0,
193,Watersipora subtorquata,Watersipora,Watersiporidae,Cheilostomatida,Gymnolaemata,Bryozoa,,0,0,
199,Diadumene,Diadumene,Diadumenidae,Actiniaria,Anthozoa,Cnidaria,,0,0,
191,Savigyniella lafonti,Savigyniella,Savignyellidae,Cheilostomatida,Gymnolaemata,Bryozoa,,0,0,
163,Neanthes acuminata,Neanthes,Nereididae,Phyllodocida,Polychaeta,Annelida,,0,0,
162,Myxicola,Myxicola,Sabellidae,Sabellida,Polychaeta,Annelida,,0,0,
161,Marphysa sanguinea,Marphysa,Eunicidae,Eunicida,Polychaeta,Annelida,,0,0,
160,Lumbrineris japonica,Lumbrineris,Lumbrineridae,Eunicida,Polychaeta,Annelida,,0,0,
159,Hydroides brachyacantha,Hydroides,Serpulidae,Sabellida,Polychaeta,Annelida,,0,0,
158,Harmothoe imbricata,Harmothoe,Polynoidae,Phyllodocida,Polychaeta,Annelida,,0,0,
192,Tubulipora,Tubulipora,Tubuliporidae,Tubuliporida,Stenolaemata,Bryozoa,,0,0,
156,Dodecaceria concharum,Dodecaceria,Cirratulidae,Terebellida,Polychaeta,Annelida,,0,0,
155,Capitella capitata,Capitella,Capitellidae,,Polychaeta,Annelida,,0,0,
154,Amphicteis,Amphicteis,Ampharetidae,Terebellida,Polychaeta,Annelida,,0,0,
153,Salmacina,Salmacina,Serpulidae,Sabellida,Polychaeta,Annelida,,0,0,
164,Neanthes,Neanthes,Nereididae,Phyllodocida,Polychaeta,Annelida,,0,0,
152,Boccardiella ligerica,Boccardiella,Spionidae,Spionida,Polychaeta,Annelida,,0,0,
150,Heteromastus filiformis,Heteromastus,Capitellidae,,Polychaeta,Annelida,,0,0,
149,Ripistes parasita,Ripistes,Naididae,Haplotaxida,Clitellata,Annelida,,0,0,
148,Potamothrix vejdovskyi,Potamothrix,Naididae,Haplotaxida,Clitellata,Annelida,,0,0,
147,Potamothrix moldaviensis,Potamothrix,Naididae,Haplotaxida,Clitellata,Annelida,,0,0,
146,Potamothrix bedoti,Potamothrix,Naididae,Haplotaxida,Clitellata,Annelida,,0,0,
145,Gianius aquaedulcis,Gianius,Naididae,Haplotaxida,Clitellata,Annelida,,0,0,
144,Branchiura sowerbyi,Branchiura,Naididae,Haplotaxida,Clitellata,Annelida,,0,0,
143,Paranais frici,Paranais,Naididae,Haplotaxida,Clitellata,Annelida,,0,0,
142,Bufo,Bufo,Bufonidae,Anura,Amphibia,Chordata,,0,0,
141,Thalassiosira pseudonana,Thalassiosira,Thalassiosiraceae,Thalassiosirales,Coscinodiscophyceae,Bacillariophyta,,0,0,
140,Thalassiosira,Thalassiosira,Thalassiosiraceae,Thalassiosirales,Coscinodiscophyceae,Bacillariophyta,,0,0,
4,Bonnemaisonia hamifera,Bonnemaisonia,Bonnemaisoniaceae,Bonnemaisoniales,Florideophyceae,Rhodophyta,,0,0,
165,Nephtys longosetosa,Nephtys,Nephtyidae,Phyllodocida,Polychaeta,Annelida,,0,0,
157,Exogone,Exogone,Syllidae,Phyllodocida,Polychaeta,Annelida,,0,0,
167,Pomatoleios kraussii,Pomatoleios,Serpulidae,Sabellida,Polychaeta,Annelida,,0,0,
190,Poricella robusta,,,,,,,0,0,
189,Membranipora,Membranipora,Membraniporidae,Cheilostomatida,Gymnolaemata,Bryozoa,,0,0,
188,Lophopodella carteri,Lophopodella,Lophopodidae,,Phylactolaemata,Bryozoa,,0,0,
187,Cribrilina,Cribrilina,Cribrilinidae,Cheilostomatida,Gymnolaemata,Bryozoa,,0,0,
166,,,,,,,,0,0,
185,Bugula,Bugula,Bugulidae,Cheilostomatida,Gymnolaemata,Bryozoa,,0,0,
184,Bowerbankia,Bowerbankia,Vesiculariidae,Ctenostomatida,Gymnolaemata,Bryozoa,,0,0,
183,Barentsia benedeni,Barentsia,Barentsiidae,,,Entoprocta,,0,0,
182,Alcyonidium gelatinosum,Alcyonidium,Alcyonidiidae,Ctenostomatida,Gymnolaemata,Bryozoa,,0,0,
181,Watersipora arcuata,Watersipora,Watersiporidae,Cheilostomatida,Gymnolaemata,Bryozoa,,0,0,
180,Schizoporella errata,Schizoporella,Schizoporellidae,Cheilostomatida,Gymnolaemata,Bryozoa,,0,0,
179,Amathia distans,Amathia,Vesiculariidae,Ctenostomatida,Gymnolaemata,Bryozoa,,0,0,
186,Bugula pacifica,Bugula,Bugulidae,Cheilostomatida,Gymnolaemata,Bryozoa,,0,0,
177,Cryptosula pallasiana,Cryptosula,Cryptosulidae,Cheilostomatida,Gymnolaemata,Bryozoa,,0,0,
178,Schizoporella,Schizoporella,Schizoporellidae,Cheilostomatida,Gymnolaemata,Bryozoa,,0,0,
169,Spiophanes,Spiophanes,Spionidae,Spionida,Polychaeta,Annelida,,0,0,
168,Scolelepis squamata,Scolelepis,Spionidae,Spionida,Polychaeta,Annelida,,0,0,
171,Acentropus niveus,,,,,,,0,0,
172,Tanysphyrus lemnae,Tanysphyrus,Brachyceridae,Coleoptera,Insecta,Arthropoda,,0,0,
170,Streblospio benedicti,Streblospio,Spionidae,Spionida,Polychaeta,Annelida,,0,0,
174,Cygnus olor,Cygnus,Anatidae,Anseriformes,Aves,Chordata,,0,0,
175,Tricellaria inopinata,Tricellaria,Candidae,Cheilostomatida,Gymnolaemata,Bryozoa,,0,0,
2,Prorocentrum minimum,Prorocentrum,Prorocentraceae,Prorocentrales,Dinophyceae,,,0,0,
176,Victorella pavida,,,,,,,0,0,
173,Ammothea hilgendorfi,Ammothea,Ammotheidae,Pantopoda,Pycnogonida,Arthropoda,,0,0,
499,Myosotis arvensis,Myosotis,Boraginaceae,Boraginales,Magnoliopsida,Streptophyta,,1,1,
500,Myosotis scorpioides,Myosotis,Boraginaceae,Boraginales,Magnoliopsida,Streptophyta,,1,1,
503,Najas minor,Najas,Hydrocharitaceae,Alismatales,Magnoliopsida,Streptophyta,,1,1,
505,Nepeta cataria,Nepeta,Lamiaceae,Lamiales,Magnoliopsida,Streptophyta,,1,1,
506,Oenothera pilosella,Oenothera,Onagraceae,Myrtales,Magnoliopsida,Streptophyta,,1,1,
507,Ornithogalum umbellatum,Ornithogalum,Hyacinthaceae,Asparagales,Magnoliopsida,Streptophyta,,1,1,
508,Panicum repens,Panicum,Poaceae,Poales,Magnoliopsida,Streptophyta,,1,1,
565,Tamarix,Tamarix,Tamaricaceae,Caryophyllales,Magnoliopsida,Streptophyta,,1,1 genus,
533,Ranunculus bulbosus,Ranunculus,Ranunculaceae,Ranunculales,Magnoliopsida,Streptophyta,,1,1,
537,Rhizophora mangle,Rhizophora,Rhizophoraceae,Malpighiales,Magnoliopsida,Streptophyta,,1,1,
556,Sonchus arvensis,Sonchus,Asteraceae,Asterales,Magnoliopsida,Streptophyta,,1,1,
560,Sparganium androcladum,Sparganium,Typhaceae,Poales,Magnoliopsida,Streptophyta,,1,1,
568,Trifolium hybridum,Trifolium,Fabaceae,Fabales,Magnoliopsida,Streptophyta,,1,1,
574,Veronica serpyllifolia,Veronica,Plantaginaceae,Lamiales,Magnoliopsida,Streptophyta,,1,1,
578,Wisteria frutescens,Wisteria,Fabaceae,Fabales,Magnoliopsida,Streptophyta,,1,1,
496,Mollugo verticillata,Mollugo,Molluginaceae,Caryophyllales,Magnoliopsida,Streptophyta,,1,1,
515,Plantago rugelii,Plantago,Plantaginaceae,Lamiales,Magnoliopsida,Streptophyta,,1,1,
490,Medicago lupulina,Medicago,Fabaceae,Fabales,Magnoliopsida,Streptophyta,,1,1,
470,Juncus articulatus,Juncus,Juncaceae,Poales,Magnoliopsida,Streptophyta,,1,1,
444,Dioscorea oppositifolia,Dioscorea,Dioscoreaceae,Dioscoreales,Magnoliopsida,Streptophyta,,1,1,
471,Juncus compressus,Juncus,Juncaceae,Poales,Magnoliopsida,Streptophyta,,1,1,
443,Delairea odorata,Delairea,Asteraceae,Asterales,Magnoliopsida,Streptophyta,,1,1,
414,Barbarea orthoceras,Barbarea,Brassicaceae,Brassicales,Magnoliopsida,Streptophyta,,1,1,
447,Echinochloa muricata,Echinochloa,Poaceae,Poales,Magnoliopsida,Streptophyta,,1,1,
475,Lepidium densiflorum,Lepidium,Brassicaceae,Brassicales,Magnoliopsida,Streptophyta,,1,1,
421,Butomus umbellatus,Butomus,Butomaceae,Alismatales,Magnoliopsida,Streptophyta,,1,1,
473,Juncus inflexus,Juncus,Juncaceae,Poales,Magnoliopsida,Streptophyta,,1,1,
418,Bidens tripartita,Bidens,Asteraceae,Asterales,Magnoliopsida,Streptophyta,,1,1,
430,Carex disticha,Carex,Cyperaceae,Poales,Magnoliopsida,Streptophyta,,1,1,
393,Achillea ptarmica,Achillea,Asteraceae,Asterales,Magnoliopsida,Streptophyta,,1,1,
520,Poa trivialis,Poa,Poaceae,Poales,Magnoliopsida,Streptophyta,,10,10,
492,Mentha spicata,Mentha,Lamiaceae,Lamiales,Magnoliopsida,Streptophyta,,10,10,
426,Capsella bursa-pastoris,Capsella,Brassicaceae,Brassicales,Magnoliopsida,Streptophyta,,10,10,
502,Najas marina,Najas,Hydrocharitaceae,Alismatales,Magnoliopsida,Streptophyta,,102,102,
510,Phalaris arundinacea,Phalaris,Poaceae,Poales,Magnoliopsida,Streptophyta,,11,11,
420,Brachiaria,Brachiaria,Poaceae,Poales,Magnoliopsida,Streptophyta,,11,11 genus,
497,Morus alba,Morus,Moraceae,Rosales,Magnoliopsida,Streptophyta,,11,11,
513,Plantago lanceolata,Plantago,Plantaginaceae,Lamiales,Magnoliopsida,Streptophyta,,12,12,
451,Festuca rubra,Festuca,Poaceae,Poales,Magnoliopsida,Streptophyta,,12,12,
460,Helianthus annuus,Helianthus,Asteraceae,Asterales,Magnoliopsida,Streptophyta,,14,14,
570,Typha angustifolia,Typha,Typhaceae,Poales,Magnoliopsida,Streptophyta,,14,14,
389,Sporobolus,Sporobolus,Poaceae,Poales,Magnoliopsida,Streptophyta,,156,156 genus,
425,Cannabis sativa,Cannabis,Cannabaceae,Rosales,Magnoliopsida,Streptophyta,,17,17,
78,Myriophyllum spicatum,Myriophyllum,Haloragaceae,Saxifragales,Magnoliopsida,Streptophyta,,17,17,
509,Parthenocissus quinquefolia,Parthenocissus,Vitaceae,Vitales,Magnoliopsida,Streptophyta,,17,17,
453,Gleditsia triacanthos,Gleditsia,Fabaceae,Fabales,Magnoliopsida,Streptophyta,,2,2,
547,Salix fragilis,Salix,Salicaceae,Malpighiales,Magnoliopsida,Streptophyta,,2,2,
548,Salix purpurea,Salix,Salicaceae,Malpighiales,Magnoliopsida,Streptophyta,,2,2,
454,Glyceria maxima,Glyceria,Poaceae,Poales,Magnoliopsida,Streptophyta,,2,2,
455,Gnaphalium uliginosum,Gnaphalium,Asteraceae,Asterales,Magnoliopsida,Streptophyta,,2,2,
465,Impatiens capensis,Impatiens,Balsaminaceae,Ericales,Magnoliopsida,Streptophyta,,2,2,
558,Sonchus asper,Sonchus,Asteraceae,Asterales,Magnoliopsida,Streptophyta,,2,2,
576,Viola blanda,Viola,Violaceae,Malpighiales,Magnoliopsida,Streptophyta,,2,2,
564,Stachys palustris,Stachys,Lamiaceae,Lamiales,Magnoliopsida,Streptophyta,,2,2,
472,Juncus gerardii,Juncus,Juncaceae,Poales,Magnoliopsida,Streptophyta,,2,2,
573,Veronica beccabunga,Veronica,Plantaginaceae,Lamiales,Magnoliopsida,Streptophyta,,2,2,
534,Ranunculus flammula,Ranunculus,Ranunculaceae,Ranunculales,Magnoliopsida,Streptophyta,,2,2,
476,Leucojum aestivum,Leucojum,Amaryllidaceae,Asparagales,Magnoliopsida,Streptophyta,,2,2,
441,Crataegus douglasii,Crataegus,Rosaceae,Rosales,Magnoliopsida,Streptophyta,,2,2,
545,Salix alba,Salix,Salicaceae,Malpighiales,Magnoliopsida,Streptophyta,,2,2,
489,Marsilea quadrifolia,Marsilea,Marsileaceae,Salviniales,Polypodiopsida,Streptophyta,,2,2,
432,Carex ovalis,Carex,Cyperaceae,Poales,Magnoliopsida,Streptophyta,,2,2,
483,Lycopus europaeus,Lycopus,Lamiaceae,Lamiales,Magnoliopsida,Streptophyta,,2,2,
403,Alternanthera philoxeroides,Alternanthera,Amaranthaceae,Caryophyllales,Magnoliopsida,Streptophyta,,2,2,
410,Armoracia rusticana,Armoracia,Brassicaceae,Brassicales,Magnoliopsida,Streptophyta,,2,2,
405,Ambrosia psilostachya,Ambrosia,Asteraceae,Asterales,Magnoliopsida,Streptophyta,,2,2,
446,Echinochloa crus-galli,Echinochloa,Poaceae,Poales,Magnoliopsida,Streptophyta,,21,21,
480,Lotus corniculatus,Lotus,Fabaceae,Fabales,Magnoliopsida,Streptophyta,,25,25,
571,Typha latifolia,Typha,Typhaceae,Poales,Magnoliopsida,Streptophyta,,26,26,
569,Trillium erectum,Trillium,Melanthiaceae,Liliales,Magnoliopsida,Streptophyta,,3,3,
567,Trapa natans,Trapa,Lythraceae,Myrtales,Magnoliopsida,Streptophyta,,3,3,
579,Xanthium strumarium,Xanthium,Asteraceae,Asterales,Magnoliopsida,Streptophyta,,3,3,
486,Lythrum salicaria,Lythrum,Lythraceae,Myrtales,Magnoliopsida,Streptophyta,,3,3,
395,Agrostis gigantea,Agrostis,Poaceae,Poales,Magnoliopsida,Streptophyta,,3,3,
531,Puccinellia distans,Puccinellia,Poaceae,Poales,Magnoliopsida,Streptophyta,,3,3,
35,Nymphoides peltata,Nymphoides,Menyanthaceae,Asterales,Magnoliopsida,Streptophyta,,3,3,
528,Potentilla norvegica,Potentilla,Rosaceae,Rosales,Magnoliopsida,Streptophyta,,3,3,
514,Plantago major,Plantago,Plantaginaceae,Lamiales,Magnoliopsida,Streptophyta,,3,3,
415,Barbarea vulgaris,Barbarea,Brassicaceae,Brassicales,Magnoliopsida,Streptophyta,,3,3,
527,Potamogeton crispus,Potamogeton,Potamogetonaceae,Alismatales,Magnoliopsida,Streptophyta,,3,3,
539,Rorippa sylvestris,Rorippa,Brassicaceae,Brassicales,Magnoliopsida,Streptophyta,,3,3,
424,Campsis radicans,Campsis,Bignoniaceae,Lamiales,Magnoliopsida,Streptophyta,,3,3,
406,Ammophila arenaria,Ammophila,Poaceae,Poales,Magnoliopsida,Streptophyta,,3,3,
536,Rhamnus cathartica,Rhamnus,Rhamnaceae,Rosales,Magnoliopsida,Streptophyta,,3,3,
442,Cynosurus cristatus,Cynosurus,Poaceae,Poales,Magnoliopsida,Streptophyta,,3,3,
517,Poa annua,Poa,Poaceae,Poales,Magnoliopsida,Streptophyta,,33,33,
519,Poa pratensis,Poa,Poaceae,Poales,Magnoliopsida,Streptophyta,,34,34,
130,Enteromorpha prolifera,Ulva,Ulvaceae,Ulvales,Ulvophyceae,Chlorophyta,,4,4 phylum,ERROR
427,Carex acutiformis,Carex,Cyperaceae,Poales,Magnoliopsida,Streptophyta,,4,4,
129,Enteromorpha intestinalis,Ulva,Ulvaceae,Ulvales,Ulvophyceae,Chlorophyta,,4,4 phylum,ERROR
128,Enteromorpha flexuosa,Ulva,Ulvaceae,Ulvales,Ulvophyceae,Chlorophyta,,4,4 phylum,ERROR
118,Caulerpa serrulata,Caulerpa,Caulerpaceae,Bryopsidales,Ulvophyceae,Chlorophyta,,4,4 phylum,ERROR
388,Sporobolus densiflorus,Sporobolus,Poaceae,Poales,Magnoliopsida,Streptophyta,,4,4,
108,Bryopsis pennata,Bryopsis,Bryopsidaceae,Bryopsidales,Ulvophyceae,Chlorophyta,,4,4 phylum,ERROR
394,Aegopodium podagraria,Aegopodium,Apiaceae,Apiales,Magnoliopsida,Streptophyta,,4,4,
103,Ulva fasciata,Ulva,Ulvaceae,Ulvales,Ulvophyceae,Chlorophyta,,4,4 phylum,ERROR
488,Marrubium vulgare,Marrubium,Lamiaceae,Lamiales,Magnoliopsida,Streptophyta,,4,4,
96,Dictyosphaeria cavernosa,Dictyosphaeria,Siphonocladaceae,Cladophorales,Ulvophyceae,Chlorophyta,,4,4 phylum,ERROR
95,Cladophora sericea,Cladophora,Cladophoraceae,Cladophorales,Ulvophyceae,Chlorophyta,,4,4 phylum,ERROR
30,Caulerpa taxifolia,Caulerpa,Caulerpaceae,Bryopsidales,Ulvophyceae,Chlorophyta,,4,4 phylum,ERROR
468,Ipomoea hederacea,Ipomoea,Convolvulaceae,Solanales,Magnoliopsida,Streptophyta,,4,4,
94,Avrainvillea,Avrainvillea,Dichotomosiphonaceae,Bryopsidales,Ulvophyceae,Chlorophyta,,4,4 phylum,ERROR
0,Codium fragile subsp. tomentosoides,Codium,Codiaceae,Bryopsidales,Ulvophyceae,Chlorophyta,,4,4 phylum,ERROR
484,Lysimachia nummularia,Lysimachia,Primulaceae,Ericales,Magnoliopsida,Streptophyta,,4,4,
561,Sparganium emersum,Sparganium,Typhaceae,Poales,Magnoliopsida,Streptophyta,,4,4,
562,Sparganium glomeratum,Sparganium,Typhaceae,Poales,Magnoliopsida,Streptophyta,,4,4,
485,Lysimachia vulgaris,Lysimachia,Primulaceae,Ericales,Magnoliopsida,Streptophyta,,4,4,
512,Picea pungens,Picea,Pinaceae,Pinales,Pinopsida,Streptophyta,,4,4,
494,Mentha x piperita,Mentha,Lamiaceae,Lamiales,Magnoliopsida,Streptophyta,,4,4,
511,Phragmites australis,Phragmites,Poaceae,Poales,Magnoliopsida,Streptophyta,,41,41,
467,Imperata cylindrica,Imperata,Poaceae,Poales,Magnoliopsida,Streptophyta,,42,42,
452,Frangula alnus,Frangula,Rhamnaceae,Rosales,Magnoliopsida,Streptophyta,,5,5,
495,Microstegium vimineum,Microstegium,Poaceae,Poales,Magnoliopsida,Streptophyta,,5,5,
572,Ulmus americana,Ulmus,Ulmaceae,Rosales,Magnoliopsida,Streptophyta,,5,5,
535,Ranunculus repens,Ranunculus,Ranunculaceae,Ranunculales,Magnoliopsida,Streptophyta,,5,5,
390,Zizania latifolia,Zizania,Poaceae,Poales,Magnoliopsida,Streptophyta,,5,5,
422,Cabomba caroliniana,Cabomba,Cabombaceae,Nymphaeales,Magnoliopsida,Streptophyta,,5,5,
491,Mentha aquatica,Mentha,Lamiaceae,Lamiales,Magnoliopsida,Streptophyta,,5,5,
553,Sapium,Sapium,Euphorbiaceae,Malpighiales,Magnoliopsida,Streptophyta,,5,5 genus,
458,Hedera helix,Hedera,Araliaceae,Apiales,Magnoliopsida,Streptophyta,,5,5,
554,Solanum dulcamara,Solanum,Solanaceae,Solanales,Magnoliopsida,Streptophyta,,5,5,
461,Hordeum jubatum,Hordeum,Poaceae,Poales,Magnoliopsida,Streptophyta,,5,5,
525,Populus deltoides,Populus,Salicaceae,Malpighiales,Magnoliopsida,Streptophyta,,5,5,
431,Carex flacca,Carex,Cyperaceae,Poales,Magnoliopsida,Streptophyta,,5,5,
417,Betula pendula,Betula,Betulaceae,Fagales,Magnoliopsida,Streptophyta,,5,5,
412,Arundo donax,Arundo,Poaceae,Poales,Magnoliopsida,Streptophyta,,54,54,
386,Sporobolus alterniflorus,Sporobolus,Poaceae,Poales,Magnoliopsida,Streptophyta,,55,55,
402,Alopecurus pratensis,Alopecurus,Poaceae,Poales,Magnoliopsida,Streptophyta,,6,6,
469,Iris pseudacorus,Iris,Iridaceae,Asparagales,Magnoliopsida,Streptophyta,,6,6,
397,Alliaria petiolata,Alliaria,Brassicaceae,Brassicales,Magnoliopsida,Streptophyta,,6,6,
481,Lupinus polyphyllus,Lupinus,Fabaceae,Fabales,Magnoliopsida,Streptophyta,,6,6,
398,Allium schoenoprasum,Allium,Amaryllidaceae,Asparagales,Magnoliopsida,Streptophyta,,6,6,
396,Agrostis stolonifera,Agrostis,Poaceae,Poales,Magnoliopsida,Streptophyta,,6,6,
478,Ligustrum vulgare,Ligustrum,Oleaceae,Lamiales,Magnoliopsida,Streptophyta,,6,6,
559,Sorghum halepense,Sorghum,Poaceae,Poales,Magnoliopsida,Streptophyta,,6,6,
434,Chelidonium majus,Chelidonium,Papaveraceae,Ranunculales,Magnoliopsida,Streptophyta,,7,7,
504,Nasturtium officinale,Nasturtium,Brassicaceae,Brassicales,Magnoliopsida,Streptophyta,,7,7,
530,Prunella vulgaris,Prunella,Lamiaceae,Lamiales,Magnoliopsida,Streptophyta,,7,7,
550,Salix,Salix,Salicaceae,Malpighiales,Magnoliopsida,Streptophyta,,79,79 genus,
518,Poa bulbosa,Poa,Poaceae,Poales,Magnoliopsida,Streptophyta,,8,8,
474,Lactuca serriola,Lactuca,Asteraceae,Asterales,Magnoliopsida,Streptophyta,,8,8,
399,Alnus glutinosa,Alnus,Betulaceae,Fagales,Magnoliopsida,Streptophyta,,8,8,
657,,,,,,,,876,0,ERROR
92,Microspongium globosum,Microspongium,Chordariaceae,Ectocarpales,Phaeophyceae,,,class,class,
111,Macrocystis integrifolia,Macrocystis,Laminariaceae,Laminariales,Phaeophyceae,,,class,class,
97,Fucus cottoni,Fucus,Fucaceae,Fucales,Phaeophyceae,,,class,class,
392,Undaria pinnatifida,Undaria,Alariaceae,Laminariales,Phaeophyceae,,,class,class,
136,Sphacelaria,Sphacelaria,Sphacelariaceae,Sphacelariales,Phaeophyceae,,,class,class,
3,Sargassum muticum,Sargassum,Sargassaceae,Fucales,Phaeophyceae,,,class,class,
409,Arenaria serpyllifolia,Arenaria,Caryophyllaceae,Caryophyllales,Magnoliopsida,Streptophyta,,family,family,
521,Polygonum,Polygonum,Polygonaceae,Caryophyllales,Magnoliopsida,Streptophyta,,family,family,
524,Polygonum ramosissimum,Polygonum,Polygonaceae,Caryophyllales,Magnoliopsida,Streptophyta,,family,family,
413,Atriplex patula,Atriplex,Chenopodiaceae,Caryophyllales,Magnoliopsida,Streptophyta,,family,family,
36,Pistia stratiotes,Pistia,Araceae,Alismatales,Magnoliopsida,Streptophyta,,family,family,
34,Hydrilla verticillata,Hydrilla,Hydrocharitaceae,Alismatales,Magnoliopsida,Streptophyta,,family,family,
522,Polygonum aviculare,Polygonum,Polygonaceae,Caryophyllales,Magnoliopsida,Streptophyta,,family,family,
523,Polygonum cuspidatum,Polygonum,Polygonaceae,Caryophyllales,Magnoliopsida,Streptophyta,,family,family,
566,Tradescantia pallida,Tradescantia,Commelinaceae,Commelinales,Magnoliopsida,Streptophyta,,family,family,
433,Carpobrotus chilensis,Carpobrotus,Aizoaceae,Caryophyllales,Magnoliopsida,Streptophyta,,family,family,
563,Spirodela polyrhiza,Spirodela,Araceae,Alismatales,Magnoliopsida,Streptophyta,,family,family,
132,Nitellopsis obtusa,Nitellopsis,Characeae,Charales,Charophyceae,Streptophyta,,family,family,
462,Hydrocharis morsus-ranae,Hydrocharis,Hydrocharitaceae,Alismatales,Magnoliopsida,Streptophyta,,family,family,
487,Macfadyena,Macfadyena,Bignoniaceae,Lamiales,Magnoliopsida,Streptophyta,,family,family,
551,Salsola,Salsola,Chenopodiaceae,Caryophyllales,Magnoliopsida,Streptophyta,,family,family,
456,Gypsophila paniculata,Gypsophila,Caryophyllaceae,Caryophyllales,Magnoliopsida,Streptophyta,,family,family,
501,Myosoton aquaticum,Myosoton,Caryophyllaceae,Caryophyllales,Magnoliopsida,Streptophyta,,family,family,
448,Ellisia nyctelea,Ellisia,Hydrophyllaceae,Boraginales,Magnoliopsida,Streptophyta,,family,family,
543,Rumex obtusifolius,Rumex,Polygonaceae,Caryophyllales,Magnoliopsida,Streptophyta,,family,family,
440,Conium maculatum,Conium,Apiaceae,Apiales,Magnoliopsida,Streptophyta,,family,family,
445,Dryopteris,Dryopteris,Dryopteridaceae,Polypodiales,Polypodiopsida,Streptophyta,,family,family,
435,Chenopodium album,Chenopodium,Chenopodiaceae,Caryophyllales,Magnoliopsida,Streptophyta,,family,family,
436,Chenopodium,Chenopodium,Chenopodiaceae,Caryophyllales,Magnoliopsida,Streptophyta,,family,family,
542,Rumex longifolius,Rumex,Polygonaceae,Caryophyllales,Magnoliopsida,Streptophyta,,family,family,
439,Commelina communis,Commelina,Commelinaceae,Commelinales,Magnoliopsida,Streptophyta,,family,family,
32,Egeria densa,Egeria,Hydrocharitaceae,Alismatales,Magnoliopsida,Streptophyta,,family,family,
438,Clintonia borealis,Clintonia,Liliaceae,Liliales,Magnoliopsida,Streptophyta,,family,family,
540,Rumex acetosella,Rumex,Polygonaceae,Caryophyllales,Magnoliopsida,Streptophyta,,family,family,
541,Rumex crispus,Rumex,Polygonaceae,Caryophyllales,Magnoliopsida,Streptophyta,,family,family,
401,Alopecurus geniculatus,Alopecurus,Poaceae,Poales,Magnoliopsida,Streptophyta,,genus,genus,
493,Mentha x gracilis,Mentha,Lamiaceae,Lamiales,Magnoliopsida,Streptophyta,,genus,genus,
400,Alopecurus carolinianus,Alopecurus,Poaceae,Poales,Magnoliopsida,Streptophyta,,genus,genus,
151,Polydora cornuta,Polydora,Spionidae,Spionida,Polychaeta,Annelida,,genus,genus,
482,Lycopus asper,Lycopus,Lamiaceae,Lamiales,Magnoliopsida,Streptophyta,,genus,genus,
31,Myriophyllum aquaticum,Myriophyllum,Haloragaceae,Saxifragales,Magnoliopsida,Streptophyta,,genus,genus,
321,Tritonia plebeia,Tritonia,Tritoniidae,Nudibranchia,Gastropoda,Mollusca,,genus,genus,
302,Polydora ciliata,Polydora,Spionidae,Spionida,Polychaeta,Annelida,,genus,genus,
498,Muhlenbergia racemosa,Muhlenbergia,Poaceae,Poales,Magnoliopsida,Streptophyta,,genus,genus,
387,Sporobolus anglicus,Sporobolus,Poaceae,Poales,Magnoliopsida,Streptophyta,,genus,genus,
423,Callitriche stagnalis,Callitriche,Plantaginaceae,Lamiales,Magnoliopsida,Streptophyta,,genus,genus,
538,Rhynchospora nitens,Rhynchospora,Cyperaceae,Poales,Magnoliopsida,Streptophyta,,genus,genus,
575,Viburnum opulus var. americanum,Viburnum,Adoxaceae,Dipsacales,Magnoliopsida,Streptophyta,,genus,genus,
577,Viola blanda var. palustriformis,Viola,Violaceae,Malpighiales,Magnoliopsida,Streptophyta,,genus,genus,
466,Impatiens glandulifera,Impatiens,Balsaminaceae,Ericales,Magnoliopsida,Streptophyta,,genus,genus,
557,Sonchus arvensis subsp. uliginosus,Sonchus,Asteraceae,Asterales,Magnoliopsida,Streptophyta,,genus,genus,
464,Hygrophila polysperma,Hygrophila,Acanthaceae,Lamiales,Magnoliopsida,Streptophyta,,genus,genus,
463,Hydrocotyle umbellata,Hydrocotyle,Araliaceae,Apiales,Magnoliopsida,Streptophyta,,genus,genus,
555,Solidago sempervirens,Solidago,Asteraceae,Asterales,Magnoliopsida,Streptophyta,,genus,genus,
549,Salix x pendulina,Salix,Salicaceae,Malpighiales,Magnoliopsida,Streptophyta,,genus,genus,
546,Salix exigua,Salix,Salicaceae,Malpighiales,Magnoliopsida,Streptophyta,,genus,genus,
544,Sagina procumbens,Sagina,Caryophyllaceae,Caryophyllales,Magnoliopsida,Streptophyta,,genus,genus,
450,Epilobium parviflorum,Epilobium,Onagraceae,Myrtales,Magnoliopsida,Streptophyta,,genus,genus,
449,Epilobium hirsutum,Epilobium,Onagraceae,Myrtales,Magnoliopsida,Streptophyta,,genus,genus,
33,Eichhornia crassipes,Pontederia,Pontederiaceae,Commelinales,Magnoliopsida,Streptophyta,,genus,genus,
532,Ranunculus acris,Ranunculus,Ranunculaceae,Ranunculales,Magnoliopsida,Streptophyta,,genus,genus,
459,Helenium flexuosum,Helenium,Asteraceae,Asterales,Magnoliopsida,Streptophyta,,genus,genus,
437,Cirsium palustre,Cirsium,Asteraceae,Asterales,Magnoliopsida,Streptophyta,,genus,genus,
529,Prosopis pallida,Prosopis,Fabaceae,Fabales,Magnoliopsida,Streptophyta,,genus,genus,
429,Carex crawei,Carex,Cyperaceae,Poales,Magnoliopsida,Streptophyta,,genus,genus,
428,Carex bushii,Carex,Cyperaceae,Poales,Magnoliopsida,Streptophyta,,genus,genus,
404,Amaranthus blitoides,Amaranthus,Amaranthaceae,Caryophyllales,Magnoliopsida,Streptophyta,,genus,genus,
407,Andropogon virginicus,Andropogon,Poaceae,Poales,Magnoliopsida,Streptophyta,,genus,genus,
419,Boehmeria cylindrica,Boehmeria,Urticaceae,Rosales,Magnoliopsida,Streptophyta,,genus,genus,
408,Anthriscus caucalis,Anthriscus,Apiaceae,Apiales,Magnoliopsida,Streptophyta,,genus,genus,
411,Artemisia biennis,Artemisia,Asteraceae,Asterales,Magnoliopsida,Streptophyta,,genus,genus,
516,Pluchea odorata,Pluchea,Asteraceae,Asterales,Magnoliopsida,Streptophyta,,genus,genus,
477,Liatris pycnostachya,Liatris,Asteraceae,Asterales,Magnoliopsida,Streptophyta,,genus,genus,
416,Batis maritima,Batis,Bataceae,Brassicales,Magnoliopsida,Streptophyta,,order,order,
552,Salvinia minima,Salvinia,Salviniaceae,Salviniales,Polypodiopsida,Streptophyta,,order,order,
125,Cylindrospermopsis raciborskii,Cylindrospermopsis,Aphanizomenonaceae,Nostocales,,Cyanobacteria,,order,order,
526,Portulaca oleracea,Portulaca,Portulacaceae,Caryophyllales,Magnoliopsida,Streptophyta,,order,order,
391,Zostera japonica,Zostera,Zosteraceae,Alismatales,Magnoliopsida,Streptophyta,,order,order,
37,Salvinia molesta,Salvinia,Salviniaceae,Salviniales,Polypodiopsida,Streptophyta,,order,order,
